id,cleanedRecordingTitle,originalRecordingTitle,contributors,cleanedEventTitle,originalEventTitle,date
20100312_bg_001sr_pl_ds_av,William Gagnon,TASCAM DR00067 April Verch Band Song: William Gagnon - Public Domain/Traditional live at Dusty Strings. April Dancing.,April Verch Band,"April Verch Live Performance at Dusty Strings, Seattle Washington","3-12-2010 ARPIL VERCH LIVE PERFORMANCE AT DUSTY STRINGS, SEATTLE, WA",2010-03-12
20100312_bg_004sr_pl_ds_av,Tennessee Wagoner,"TASCAM DR00070 April Verch Band, April dancing, Song: (Called Johnny Wagoner in Cananda))Tennessee Wagoner - Public Domain/Traditional live footage at Dusty Strings",April Verch Band,"April Verch Live Performance at Dusty Strings, Seattle Washington","3-12-2010 ARPIL VERCH LIVE PERFORMANCE AT DUSTY STRINGS, SEATTLE, WA",2010-03-12
20100312_bg_008sr_pl_ds_av,Tadoussac & Lindbergh,"TASCAM DR00074 April Verch Band, Song: Tadoussac & Lindbergh - Public Domain/Traditional Ottowa Valley, Canada, April dancing, live at Dusty Strings",April Verch Band,"April Verch Live Performance at Dusty Strings, Seattle Washington","3-12-2010 ARPIL VERCH LIVE PERFORMANCE AT DUSTY STRINGS, SEATTLE, WA",2010-03-12
20100312_bg_012sr_pl_ds_av,Medley - The Riverboat's Gone,"TASCAM DR00078 April Verch Band, Song: Medley- The Riverboat's Gone; April Verch original & Bumblebee (Public Domain/KY Traditional) live footage at Dusty Strings",April Verch Band,"April Verch Live Performance at Dusty Strings, Seattle Washington","3-12-2010 ARPIL VERCH LIVE PERFORMANCE AT DUSTY STRINGS, SEATTLE, WA",2010-03-12
20100512_ca_001sr_pl_cda_bc,Seventy Three,Tascam DR000158 Bonsoir Catin performing Seventy Three (public domain) live at Café Des Amis,Bonsoir Catin,"Bonsoir Catin Performing Live at Café Des Amis, Breaux Bridge, LA","5-12-10 “BONSOIR. CATIN” PERFORMING LIVE AT CAFE DES AMIS, BREAUX BRIDGE, LA (CHRISTINE BALFA-POWELL, ANYA BURGESS, KRISTI GUILLORY, YVETTE LANDRY)",2010-05-12
20100512_ca_002sr_pl_cda_bc,Longue Pointe,Tascam DR000159 Bonsoir Catin performing Longue Pointe (public domain) live at Café Des Amis,Bonsoir Catin,"Bonsoir Catin Performing Live at Café Des Amis, Breaux Bridge, LA","5-12-10 “BONSOIR. CATIN” PERFORMING LIVE AT CAFE DES AMIS, BREAUX BRIDGE, LA (CHRISTINE BALFA-POWELL, ANYA BURGESS, KRISTI GUILLORY, YVETTE LANDRY)",2010-05-12
20100512_ca_007sr_pl_cda_bc,Chicken Coupe,"Tascam DR000164 Bonsoir Catin performing live @ Café Des Amis: Chicken Coupe, traditional tune (public domain)",Bonsoir Catin,"Bonsoir Catin Performing Live at Café Des Amis, Breaux Bridge, LA","5-12-10 “BONSOIR. CATIN” PERFORMING LIVE AT CAFE DES AMIS, BREAUX BRIDGE, LA (CHRISTINE BALFA-POWELL, ANYA BURGESS, KRISTI GUILLORY, YVETTE LANDRY)",2010-05-12
20100512_ca_008sr_pl_cda_bc,Popcorn,"Tascam DR000165 Bonsoir Catin performing live @ Café Des Amis: Popcorn, traditional tune (public domain)",Bonsoir Catin,"Bonsoir Catin Performing Live at Café Des Amis, Breaux Bridge, LA","5-12-10 “BONSOIR. CATIN” PERFORMING LIVE AT CAFE DES AMIS, BREAUX BRIDGE, LA (CHRISTINE BALFA-POWELL, ANYA BURGESS, KRISTI GUILLORY, YVETTE LANDRY)",2010-05-12
20100512_ca_010sr_pl_cda_bc,Mamma Rosan,"Tascam DR000167 Bonsoir Catin performing live @ Café Des Amis: Mamma Rosan, traditional tune (public domain)",Bonsoir Catin,"Bonsoir Catin Performing Live at Café Des Amis, Breaux Bridge, LA","5-12-10 “BONSOIR. CATIN” PERFORMING LIVE AT CAFE DES AMIS, BREAUX BRIDGE, LA (CHRISTINE BALFA-POWELL, ANYA BURGESS, KRISTI GUILLORY, YVETTE LANDRY)",2010-05-12
20100512_ca_012sr_pl_cda_bc,Moulin,"Tascam DR000169 Bonsoir Catin performing live @ Café Des Amis: Moulin, traditional tune (public domain) all members singing",Bonsoir Catin,"Bonsoir Catin Performing Live at Café Des Amis, Breaux Bridge, LA","5-12-10 “BONSOIR. CATIN” PERFORMING LIVE AT CAFE DES AMIS, BREAUX BRIDGE, LA (CHRISTINE BALFA-POWELL, ANYA BURGESS, KRISTI GUILLORY, YVETTE LANDRY)",2010-05-12
20100512_ca_013sr_pl_cda_bc,Creole Stomp,"Tascam DR000170 Bonsoir Catin performing live @ Café Des Amis: Creole Stomp, traditional tune (public domain)",Bonsoir Catin,"Bonsoir Catin Performing Live at Café Des Amis, Breaux Bridge, LA","5-12-10 “BONSOIR. CATIN” PERFORMING LIVE AT CAFE DES AMIS, BREAUX BRIDGE, LA (CHRISTINE BALFA-POWELL, ANYA BURGESS, KRISTI GUILLORY, YVETTE LANDRY)",2010-05-12
20100512_ca_014sr_pl_cda_bc,Madam Eteinne,"Tascam DR000171 Bonsoir Catin performing live @ Café Des Amis: Madam Eteinne, traditional tune (public domain)",Bonsoir Catin,"Bonsoir Catin Performing Live at Café Des Amis, Breaux Bridge, LA","5-12-10 “BONSOIR. CATIN” PERFORMING LIVE AT CAFE DES AMIS, BREAUX BRIDGE, LA (CHRISTINE BALFA-POWELL, ANYA BURGESS, KRISTI GUILLORY, YVETTE LANDRY)",2010-05-12
20100512_ca_015sr_pl_cda_bc,The Amadee Two Step,"Tascam DR000172 Bonsoir Catin performing live @ Café Des Amis: The Amadee Two Step, traditional tune (public domain)",Bonsoir Catin,"Bonsoir Catin Performing Live at Café Des Amis, Breaux Bridge, LA","5-12-10 “BONSOIR. CATIN” PERFORMING LIVE AT CAFE DES AMIS, BREAUX BRIDGE, LA (CHRISTINE BALFA-POWELL, ANYA BURGESS, KRISTI GUILLORY, YVETTE LANDRY)",2010-05-12
20100512_ca_017sr_pl_cda_bc,Alberta,"Tascam DR000174 Bonsoir Catin performing live @ Café Des Amis: Alberta, traditional tune (public domain)",Bonsoir Catin,"Bonsoir Catin Performing Live at Café Des Amis, Breaux Bridge, LA","5-12-10 “BONSOIR. CATIN” PERFORMING LIVE AT CAFE DES AMIS, BREAUX BRIDGE, LA (CHRISTINE BALFA-POWELL, ANYA BURGESS, KRISTI GUILLORY, YVETTE LANDRY)",2010-05-12
20100512_ca_022sr_pl_cda_bc,Ruben,"Tascam DR000179 Bonsoir Catin performing live @ Café Des Amis: Ruben, traditional tune (public domain)",Bonsoir Catin,"Bonsoir Catin Performing Live at Café Des Amis, Breaux Bridge, LA","5-12-10 “BONSOIR. CATIN” PERFORMING LIVE AT CAFE DES AMIS, BREAUX BRIDGE, LA (CHRISTINE BALFA-POWELL, ANYA BURGESS, KRISTI GUILLORY, YVETTE LANDRY)",2010-05-12
20100512_ca_024sr_pl_cda_bc,Bosco Stomp,"Tascam DR000181 Bonsoir Catin performing live @ Café Des Amis: Bosco Stomp, traditional tune (public domain)",Bonsoir Catin,"Bonsoir Catin Performing Live at Café Des Amis, Breaux Bridge, LA","5-12-10 “BONSOIR. CATIN” PERFORMING LIVE AT CAFE DES AMIS, BREAUX BRIDGE, LA (CHRISTINE BALFA-POWELL, ANYA BURGESS, KRISTI GUILLORY, YVETTE LANDRY)",2010-05-12
20100519_ca_004sr_pl_wb_kj,Old Buzzard,"Tascam DR000237 Kelli Jones in Double Date: Old Buzzard - traditional song, (public domain)",Kelli Jones,Kelli Jones at Whirlybird with Double Date,5-19-10 (2) KELLI JONES @ WHIRLYBIRD w/ “DOUBLE DATE”,2010-05-19
20100519_ca_008sr_pl_wb_kj,Rattlesnake Bit The Babay and Shortnin' Bread,"Tascam DR000241 Kelli Jones in Double Date: Medley: Rattlesnake Bit The Babay and Shortnin' Bread - traditional tunes (public domain) clog dancing by Kelli Jones and Emma Leahy-Good, fiddles: Joel Savoy and Linzay Young",Kelli Jones,Kelli Jones at Whirlybird with Double Date,5-19-10 (2) KELLI JONES @ WHIRLYBIRD w/ “DOUBLE DATE”,2010-05-19
20100519_ca_008sr_pl_wb_ms,Creole Stomp,Tascam DR000249 The Magnolia Sisters performing: Creole Stomp traditional - public domain,The Magnolia Sisters,Magnolia Sisters at Whirlybird,5-19-10 (3) MAGNOLIA SISTERS @ WHIRLYBIRD,2010-05-19
20100519_ca_001sr_pl_wb_bc,73,Tascam DR000252 Bonsoir Catin performing: 73 traditional - public domain,Bonsoir Catin,Bonsoir Catin at Whirlybird,"5-19-10 (4) BONSOIR, CATIN @ WHIRLYBIRD",2010-05-19
20100519_ca_003sr_pl_wb_bc,Longue Pointe 2 Step,Tascam DR000254 Bonsoir Catin performing: Longue Pointe 2 Step traditional - public domain,Bonsoir Catin,Bonsoir Catin at Whirlybird,"5-19-10 (4) BONSOIR, CATIN @ WHIRLYBIRD",2010-05-19
20100519_ca_005sr_pl_wb_bc,Alberta,Tascam DR000256 Bonsoir Catin performing: Alberta traditional - public domain,Bonsoir Catin,Bonsoir Catin at Whirlybird,"5-19-10 (4) BONSOIR, CATIN @ WHIRLYBIRD",2010-05-19
20100519_ca_006sr_pl_wb_bc,Ruben's Train,Tascam DR000257 Bonsoir Catin performing: Ruben's Train traditional - public domain,Bonsoir Catin,Bonsoir Catin at Whirlybird,"5-19-10 (4) BONSOIR, CATIN @ WHIRLYBIRD",2010-05-19
20100519_ca_008sr_pl_wb_bc,Bosco Stomp,Tascam DR000259 Bonsoir Catin performing: Bosco Stomp traditional - public domain,Bonsoir Catin,Bonsoir Catin at Whirlybird,"5-19-10 (4) BONSOIR, CATIN @ WHIRLYBIRD",2010-05-19
20100531_bg_004sr_pl_dd_hb,Paradise,"Tascam DR000301 The Heartland Band perfroming @ Dennis Days, song: Paradise Traditional ? Public domain",The Heartland Band,The Heartland Band at Dennis Days,5-31-10 (2) THE HEARTLAND BAND @ DENNIS DAYS,2010-05-31
20100531_bg_007sr_pl_dd_hb,Play Dixie For Me,"Tascam DR000304 The Heartland Band perfroming @ Dennis Days, song: Play Dixie For Me Traditional - public domain (1) clipped for YouTube",The Heartland Band,The Heartland Band at Dennis Days,5-31-10 (2) THE HEARTLAND BAND @ DENNIS DAYS,2010-05-31
20100531_bg_009sr_pl_dd_hb,Amazing Grace,"Tascam DR000306 The Heartland Band perfroming @ Dennis Days, song: Amazing Grace (shortened version - not full song) Public Domain",The Heartland Band,The Heartland Band at Dennis Days,5-31-10 (2) THE HEARTLAND BAND @ DENNIS DAYS,2010-05-31
20100807_ma_002sr_pl_plc_jl,Home To Mingolay and Westering Sea,"Tascam DR000403 Handycam 20100807150309 Julia Lane (w/ Fred Gosbee) @ Pamaquid Lighthouse Learning Center, 2 Songs: Home To Mingolay and Westering Sea - traditional Public Domain",Julia Lane | Fred Gosbee,Julia Lane at Pamaquid Lighthouse Learning Center,8-7-10 JULIA LANE,2010-08-07
20100807_ma_005sr_pl_plc_jl,The Three Sea Captainas,"Tascam DR000406 Julia Lane (w/ Fred Gosbee) @ Pamaquid Lighthouse Learning Center, Song: The Three Sea Captainas Traditional Public Domain",Julia Lane | Fred Gosbee,Julia Lane at Pamaquid Lighthouse Learning Center,8-7-10 JULIA LANE,2010-08-07
20100807_ma_014sr_pl_plc_jl,Our Gallant Ship,"Tascam DR000415 Julia Lane (w/ Fred Gosbee) @ Pamaquid Lighthouse Learning Center, Song: Our Gallant Ship, Traditional, Public Domain",Julia Lane | Fred Gosbee,Julia Lane at Pamaquid Lighthouse Learning Center,8-7-10 JULIA LANE,2010-08-07
20100807_ma_015sr_pl_plc_jl,The Mermaid,"Tascam DR000416 Julia Lane (w/ Fred Gosbee) @ Pamaquid Lighthouse Learning Center, Song: The Mermaid, Traditional, Public Domain",Julia Lane | Fred Gosbee,Julia Lane at Pamaquid Lighthouse Learning Center,8-7-10 JULIA LANE,2010-08-07
20100807_ma_020sr_pl_plc_jl,I's The B'ys,"Tascam DR000421 Julia Lane (w/ Fred Gosbee) @ Pamaquid Lighthouse Learning Center, Song: I's The B'ys, Traditinal Public Domain",Julia Lane | Fred Gosbee,Julia Lane at Pamaquid Lighthouse Learning Center,8-7-10 JULIA LANE,2010-08-07
20100807_ma_021sr_pl_plc_jl,The Ballad Of Captain Tucker,"Tascam DR000422 Julia Lane (w/ Fred Gosbee) @ Pamaquid Lighthouse Learning Center, Song: The Ballad Of Captain Tucker, Traditional Public Domain",Julia Lane | Fred Gosbee,Julia Lane at Pamaquid Lighthouse Learning Center,8-7-10 JULIA LANE,2010-08-07
20100807_ma_022sr_pl_plc_jl,Mary's Dream,"Tascam DR000423 Julia Lane (w/ Fred Gosbee) @ Pamaquid Lighthouse Learning Center, Song: Mary's Dream, Traditional, Public Domain",Julia Lane | Fred Gosbee,Julia Lane at Pamaquid Lighthouse Learning Center,8-7-10 JULIA LANE,2010-08-07
20100808_ma_003sr_pl_sm_dn,Brother Noah Built The Arc,"Tascam DR00437 Daisy Nell performing traditional song (public domain) ""Brother Noah Built The Arc"" with husband Captain Stan and other players during session at Sail Power and Steam Museum, Rockland, ME",Daisy Nell | Captain Stan,"Daisy Nell (and Captain Stan) at Sail Power and Steam Museum, Rockland, ME","8-8-10 DAISY NELL (AND CAPTAIN STAN) @ SAIL POWER AND STEAM MUSEUM, ROCKLAND,ME",2010-08-08
20100808_ma_005sr_pl_sm_dn,The Sky Boat Song,"Tascam DR00440 Daisy Nell performing traditional song (public domain) ""The Sky Boat Song"" with husband Captain Stan and other players (listed on release forms) during session at Sail Power and Steam Museum, Rockland, ME",Daisy Nell | Captain Stan,"Daisy Nell (and Captain Stan) at Sail Power and Steam Museum, Rockland, ME","8-8-10 DAISY NELL (AND CAPTAIN STAN) @ SAIL POWER AND STEAM MUSEUM, ROCKLAND,ME",2010-08-08
20100808_ma_010sr_pl_sm_dn,God Moves In A Wind Storm,"Tascam DR00448 Daisy Nell performing traditional song (public domain) ""God Moves In A Wind Storm"" with husband Captain Stan and other players (listed on release forms) during session at Sail Power and Steam Museum, Rockland, ME",Daisy Nell | Captain Stan,"Daisy Nell (and Captain Stan) at Sail Power and Steam Museum, Rockland, ME","8-8-10 DAISY NELL (AND CAPTAIN STAN) @ SAIL POWER AND STEAM MUSEUM, ROCKLAND,ME",2010-08-08
20100917_bg_002mv_pl_brrr_kf,John Henry,Handycam 20100917180605 Boss Hawg at the Machavelli Stage @ BRRR live performance. Song: John Henry traditional - Public Domain,Boss Hawg,Kim France with Boss Hawg at BRRR,9-17-10 (4) Kim France with Boss Hawg @ BRRR,2010-09-17
20100917_bg_008mv_pl_brrr_kf,Wild Bill Jones,Handycam 20100917183733 Boss Hawg at the Machavelli Stage @ BRRR live performance. Song: Wild Bill Jones - Traditional - Public Domain,Boss Hawg,Kim France with Boss Hawg at BRRR,9-17-10 (4) Kim France with Boss Hawg @ BRRR,2010-09-17
20100917_bg_004mv_pl_brrr_ms,Cotton Eyed Joe,Handycam 20100917222547 Martha and Emily Spencer with The Whitetop Mountain Band on the VA Folklife Stage @ BRRR. Song: Cotton Eyed Joe Traditional - Public Domain,Martha Spencer | Emily Spencer | The Whitetop Mountain Band,Martha Spencer and Emily Spencer (Martha’s mother) and Debbie Bramer with The Whitetop Mountain Band at BRRR,9-17-10 (6) Martha Spencer and Emily Spencer (Martha’s mother) and Debbie Bramer with The Whitetop Mountain Band @ BRRR 9-17-10 (6),2010-09-17
20100917_bg_006mv_pl_brrr_ms,Bile Them Cabbage Down,"Handycam 20100917223616 Martha and Emily Spencer with The Whitetop Mountain Band on the VA Folklife Stage @ BRRR. Song: Bile Them Cabbage Down, Traditional - Public Domain",Martha Spencer | Emily Spencer | The Whitetop Mountain Band,Martha Spencer and Emily Spencer (Martha’s mother) and Debbie Bramer with The Whitetop Mountain Band at BRRR,9-17-10 (6) Martha Spencer and Emily Spencer (Martha’s mother) and Debbie Bramer with The Whitetop Mountain Band @ BRRR 9-17-10 (6),2010-09-17
20100917_bg_010mv_pl_brrr_ms,Faded Love,"Handycam 20100917225432 Martha and Emily Spencer with The Whitetop Mountain Band on the VA Folklife Stage @ BRRR. Song: Faded Love, Traditional Public Domain",Martha Spencer | Emily Spencer | The Whitetop Mountain Band,Martha Spencer and Emily Spencer (Martha’s mother) and Debbie Bramer with The Whitetop Mountain Band at BRRR,9-17-10 (6) Martha Spencer and Emily Spencer (Martha’s mother) and Debbie Bramer with The Whitetop Mountain Band @ BRRR 9-17-10 (6),2010-09-17
20100917_bg_011mv_pl_brrr_ms,That's The Way You Feel,"Handycam 20100917225903 Martha and Emily Spencer with The Whitetop Mountain Band on the VA Folklife Stage @ BRRR. Song: That's The Way You Feel, Traditional - Public Domain, featuring little Faith on vocals.",Martha Spencer | Emily Spencer | The Whitetop Mountain Band,Martha Spencer and Emily Spencer (Martha’s mother) and Debbie Bramer with The Whitetop Mountain Band at BRRR,9-17-10 (6) Martha Spencer and Emily Spencer (Martha’s mother) and Debbie Bramer with The Whitetop Mountain Band @ BRRR 9-17-10 (6),2010-09-17
20100917_bg_012mv_pl_brrr_ms,Sally Ann,"Handycam 20100917230439 Martha and Emily Spencer with The Whitetop Mountain Band on the VA Folklife Stage @ BRRR. Song: Sally Ann, Traditional - Public Domain",Martha Spencer | Emily Spencer | The Whitetop Mountain Band,Martha Spencer and Emily Spencer (Martha’s mother) and Debbie Bramer with The Whitetop Mountain Band at BRRR,9-17-10 (6) Martha Spencer and Emily Spencer (Martha’s mother) and Debbie Bramer with The Whitetop Mountain Band @ BRRR 9-17-10 (6),2010-09-17
20100917_bg_014mv_pl_brrr_ms,Keep The Skillet Good And Greasy,"Handycam 20100917231403 Martha and Emily Spencer with The Whitetop Mountain Band on the VA Folklife Stage @ BRRR. Song: Keep The Skillet Good And Greasy, Traditional - Public Domain",Martha Spencer | Emily Spencer | The Whitetop Mountain Band,Martha Spencer and Emily Spencer (Martha’s mother) and Debbie Bramer with The Whitetop Mountain Band at BRRR,9-17-10 (6) Martha Spencer and Emily Spencer (Martha’s mother) and Debbie Bramer with The Whitetop Mountain Band @ BRRR 9-17-10 (6),2010-09-17
20100917_bg_015mv_pl_brrr_ms,Lost Indian,"Handycam 20100917231727 Martha and Emily Spencer with The Whitetop Mountain Band on the VA Folklife Stage @ BRRR. Song: Lost Indian, Traditional - Public Domain, Martha Spencer and then Debbie Bramer featured on flat foot dancing.",Martha Spencer | Emily Spencer | The Whitetop Mountain Band,Martha Spencer and Emily Spencer (Martha’s mother) and Debbie Bramer with The Whitetop Mountain Band at BRRR,9-17-10 (6) Martha Spencer and Emily Spencer (Martha’s mother) and Debbie Bramer with The Whitetop Mountain Band @ BRRR 9-17-10 (6),2010-09-17
20100918_am_010mv_pl_brrr_ag,Darling Corey,"Handycam 20100918183941 Red Molly perform on the Main Stage @ BRRR. Song: Darling Corey, Traditional, Public Domain",Red Molly,Abbie Gardner live performance at The Main Stage with Red Molly at BRRR,9-18-10 (3) Abbie Gardner live performance at The Main Stage with Red Molly @ BRRR,2010-09-18
20100919_bg_002mv_pl_brrr_kf,Temperence Reel,"Handycam 20100919164830 Kim France with Lost Ridge Band at BRRR. Song: Temperence Reel, Traditional, Public Domain",Kim France | The Lost Ridge Band,Kim France with The Lost Ridge Band at BRRR,9-19-10 (3) KIM FRANCE with THE LOST RIDGE BAND @ BRRR,2010-09-19
20100919_bg_004mv_pl_brrr_kf,I'll Fly Away,"Handycam 20100919165839 Kim France with Lost Ridge Band at BRRR. Song: I'll Fly Away, Traditional, Public Domain",Kim France | The Lost Ridge Band,Kim France with The Lost Ridge Band at BRRR,9-19-10 (3) KIM FRANCE with THE LOST RIDGE BAND @ BRRR,2010-09-19
20100919_bg_007mv_pl_brrr_kf,Little Maggie,"Handycam 20100919171130 Kim France with Lost Ridge Band at BRRR. Song: Little Maggie, Traditional, Public Domain",Kim France | The Lost Ridge Band,Kim France with The Lost Ridge Band at BRRR,9-19-10 (3) KIM FRANCE with THE LOST RIDGE BAND @ BRRR,2010-09-19
20100919_bg_008mv_pl_brrr_kf,Bill Cheatham,"Handycam 20100919171553 Kim France with Lost Ridge Band at BRRR. Song: Bill Cheatham Traditional, Public Domain",Kim France | The Lost Ridge Band,Kim France with The Lost Ridge Band at BRRR,9-19-10 (3) KIM FRANCE with THE LOST RIDGE BAND @ BRRR,2010-09-19
20100919_bg_009mv_pl_brrr_kf,Salt Creek,"Handycam 20100919171944 Kim France with Lost Ridge Band at BRRR. Song: Salt Creek, Traditional, Public Domain",Kim France | The Lost Ridge Band,Kim France with The Lost Ridge Band at BRRR,9-19-10 (3) KIM FRANCE with THE LOST RIDGE BAND @ BRRR,2010-09-19
20100919_bg_011mv_pl_brrr_kf,John Henry,"Handycam 20100919173141 Kim France with Lost Ridge Band at BRRR. Song: John Henry, Traditional, Public Domain",Kim France | The Lost Ridge Band,Kim France with The Lost Ridge Band at BRRR,9-19-10 (3) KIM FRANCE with THE LOST RIDGE BAND @ BRRR,2010-09-19
20100925_bg_001sr_pl_ge_nw,I'm Willing To Try,Tascam DR000671 Red June live CD Release Party performance at The Grey Eagle. Song: I'm Willing To Try. Traditional Public Domain,Red June,"Natalya Weinstein with Red June for CD Release Party at The Grey Eagle, Asheville, NC","9-25-10 (2) NATALYA WEINSTEIN with RED JUNE for CD RELEASE PARTY @ THE GREY EAGLE, ASHEVILLE, NC",2010-09-25
20100925_bg_003sr_pl_ge_nw,Half Past Four,"Tascam DR000673 Red June live CD Release Party performance at The Grey Eagle. Song: Half Past Four, Traditional Public Domain",Red June,"Natalya Weinstein with Red June for CD Release Party at The Grey Eagle, Asheville, NC","9-25-10 (2) NATALYA WEINSTEIN with RED JUNE for CD RELEASE PARTY @ THE GREY EAGLE, ASHEVILLE, NC",2010-09-25
20100929_ot_001mv_pl_ej_mt,Whiskey Before Breakfast,"Handycam 20100929194858 Live Performance @ ""Estrojam"" Session with women listed above. Song: Whiskey Before Breakfast, Traditional, Public Domain",Michele Turner | Lucy Allen | Amy Buckingham | Billie Jordan | Gaye Johnson | Nancy Hamilton | Abby Dunn | Joyce Breeden | Brooke Lauer | Sophie Case | Kathy Hallman,"Estrojam at Michele Turner's Home in Taylors, SC","9-29-10 (2) “ESTROJAM” @ Michele Turner's Home in Taylors, SC",2010-09-29
20100929_ot_002mv_pl_ej_mt,Needle Case,"Handycam 20100929195217 Live Performance @ ""Estrojam"" Session with women listed above. Song: Needle Case, Traditional, Public Domain",Michele Turner | Lucy Allen | Amy Buckingham | Billie Jordan | Gaye Johnson | Nancy Hamilton | Abby Dunn | Joyce Breeden | Brooke Lauer | Sophie Case | Kathy Hallman,"Estrojam at Michele Turner's Home in Taylors, SC","9-29-10 (2) “ESTROJAM” @ Michele Turner's Home in Taylors, SC",2010-09-29
20100929_ot_004mv_pl_mt,Liberty,"Handycam 20100929200154 Live Performance @ ""Estrojam"" Session with women listed above. Song: Liberty, Traditional, Public Domain",Michele Turner | Lucy Allen | Amy Buckingham | Billie Jordan | Gaye Johnson | Nancy Hamilton | Abby Dunn | Joyce Breeden | Brooke Lauer | Sophie Case | Kathy Hallman,"Estrojam at Michele Turner's Home in Taylors, SC","9-29-10 (2) “ESTROJAM” @ Michele Turner's Home in Taylors, SC",2010-09-29
20100929_ot_005mv_pl_mt,Don't This Road Look Rough And Rocky,"Handycam 20100929200525 Live Performance @ ""Estrojam"" Session with women listed above. Song: Don't This Road Look Rough And Rocky, Traditional, Public Domain",Michele Turner | Lucy Allen | Amy Buckingham | Billie Jordan | Gaye Johnson | Nancy Hamilton | Abby Dunn | Joyce Breeden | Brooke Lauer | Sophie Case | Kathy Hallman,"Estrojam at Michele Turner's Home in Taylors, SC","9-29-10 (2) “ESTROJAM” @ Michele Turner's Home in Taylors, SC",2010-09-29
20100929_ot_007mv_pl_mt,Martha Campbell,"Handycam 20100929201628 Live Performance @ ""Estrojam"" Session with women listed above. Song:Martha Campbell, Traditional, Public Domain",Martha Campbell | Michele Turner | Lucy Allen | Amy Buckingham | Billie Jordan | Gaye Johnson | Nancy Hamilton | Abby Dunn | Joyce Breeden | Brooke Lauer | Sophie Case | Kathy Hallman,"Estrojam at Michele Turner's Home in Taylors, SC","9-29-10 (2) “ESTROJAM” @ Michele Turner's Home in Taylors, SC",2010-09-29
20100929_ot_009mv_pl_mt,Green Icey Mountain,"Handycam 20100929202651 Live Performance @ ""Estrojam"" Session with women listed above. Song: Green Icey Mountain , Traditional, Public Domain",Michele Turner | Lucy Allen | Amy Buckingham | Billie Jordan | Gaye Johnson | Nancy Hamilton | Abby Dunn | Joyce Breeden | Brooke Lauer | Sophie Case | Kathy Hallman,"Estrojam at Michele Turner's Home in Taylors, SC","9-29-10 (2) “ESTROJAM” @ Michele Turner's Home in Taylors, SC",2010-09-29
20100929_ot_010mv_pl_mt,Midnight On The Water,"Handycam 20100929203227 Live Performance @ ""Estrojam"" Session with women listed above. Song: Midnight On The Water, Traditional, Public Domain",Michele Turner | Lucy Allen | Amy Buckingham | Billie Jordan | Gaye Johnson | Nancy Hamilton | Abby Dunn | Joyce Breeden | Brooke Lauer | Sophie Case | Kathy Hallman,"Estrojam at Michele Turner's Home in Taylors, SC","9-29-10 (2) “ESTROJAM” @ Michele Turner's Home in Taylors, SC",2010-09-29
20100929_ot_012mv_pl_mt,Lorena,"Handycam 20100929204929 Live Performance @ ""Estrojam"" Session with women listed above. Song: Lorena, Traditional, Public Domain",Michele Turner | Lucy Allen | Amy Buckingham | Billie Jordan | Gaye Johnson | Nancy Hamilton | Abby Dunn | Joyce Breeden | Brooke Lauer | Sophie Case | Kathy Hallman,"Estrojam at Michele Turner's Home in Taylors, SC","9-29-10 (2) “ESTROJAM” @ Michele Turner's Home in Taylors, SC",2010-09-29
20100929_ot_015mv_pl_mt,June Apple,"Handycam 20100929210733 Live Performance @ ""Estrojam"" Session with women listed above. Song: June Apple, Traditional, Public Domain",Michele Turner | Lucy Allen | Amy Buckingham | Billie Jordan | Gaye Johnson | Nancy Hamilton | Abby Dunn | Joyce Breeden | Brooke Lauer | Sophie Case | Kathy Hallman,"Estrojam at Michele Turner's Home in Taylors, SC","9-29-10 (2) “ESTROJAM” @ Michele Turner's Home in Taylors, SC",2010-09-29
20100929_ot_016mv_pl_mt,John Brown's Dream,"Handycam 20100929211337 Live Performance @ ""Estrojam"" Session with women listed above. Song: John Brown's Dream, Traditional, Public Domain",Michele Turner | Lucy Allen | Amy Buckingham | Billie Jordan | Gaye Johnson | Nancy Hamilton | Abby Dunn | Joyce Breeden | Brooke Lauer | Sophie Case | Kathy Hallman,"Estrojam at Michele Turner's Home in Taylors, SC","9-29-10 (2) “ESTROJAM” @ Michele Turner's Home in Taylors, SC",2010-09-29
20111211_ot_002sr_pl_sff_arg,The Highlander’s Farewell,Handycam 2011121103 ANNA ROBERTS-GEVALT on fiddle and ELIZABETH LaPRELLE -vocal at the Stattle Folk Festival: Scottish Traditional tune: The Highlander’s Farewell” PUBLIC DOMAIN,Anna Roberts-Gevalt | Elizabeth Laprelle,"Anna Roberts-Gevalt and Elizabeth Laprelle at the Seattle Folk Festival, Town Hall, Seattle, WA","12-11-2011 ANNA ROBERTS-GEVALT and ELIZABETH LaPRELLE at the Seattle Folk Festival, Town Hall, Seattle, WA (original files location: MacBU Drive 4, FCP, More Americana Women)",2011-12-11
20111211_ot_004sr_pl_sff_arg,Old Kimball,Handycam 2011121105 ANNA ROBERTS-GEVALT on Banjo and ELIZABETH LaPRELLE -vocal and ham bone at the Seattle Folk Festival: Traditional ballad ” Old Kimball” PUBLIC DOMAIN,Anna Roberts-Gevalt | Elizabeth Laprelle,"Anna Roberts-Gevalt and Elizabeth Laprelle at the Seattle Folk Festival, Town Hall, Seattle, WA","12-11-2011 ANNA ROBERTS-GEVALT and ELIZABETH LaPRELLE at the Seattle Folk Festival, Town Hall, Seattle, WA (original files location: MacBU Drive 4, FCP, More Americana Women)",2011-12-11
20111211_ot_005sr_pl_sff_arg,Banjo Pickin’ Girl,Handycam 2011121106 ANNA ROBERTS-GEVALT on fiddle and ELIZABETH LaPRELLE banjo at the Seattle Folk Festival: Traditional tune: Banjo Pickin’ Girl” PUBLIC DOMAIN,Anna Roberts-Gevalt | Elizabeth Laprelle,"Anna Roberts-Gevalt and Elizabeth Laprelle at the Seattle Folk Festival, Town Hall, Seattle, WA","12-11-2011 ANNA ROBERTS-GEVALT and ELIZABETH LaPRELLE at the Seattle Folk Festival, Town Hall, Seattle, WA (original files location: MacBU Drive 4, FCP, More Americana Women)",2011-12-11
20111211_ot_005sr_pl_sff_arg,Ida Red,Handycam 2011121107 ANNA ROBERTS-GEVALT on fiddle and ELIZABETH LaPRELLE banjo at the Seattle Folk Festival: Traditional tune with story about Addie Graham and her getting piano: “Ida Red” PUBLIC DOMAIN,Anna Roberts-Gevalt | Elizabeth Laprelle,"Anna Roberts-Gevalt and Elizabeth Laprelle at the Seattle Folk Festival, Town Hall, Seattle, WA","12-11-2011 ANNA ROBERTS-GEVALT and ELIZABETH LaPRELLE at the Seattle Folk Festival, Town Hall, Seattle, WA (original files location: MacBU Drive 4, FCP, More Americana Women)",2011-12-11
20111211_ot_005sr_pl_sff_arg,Wouldn’t Mind Workin’ From Sun To Sun,Handycam 2011121108 ANNA ROBERTS-GEVALT on guitar and ELIZABETH LaPRELLE vocal at the Seattle Folk Festival: Traditional blues tune with story about Addie Graham: “Wouldn’t Mind Workin’ From Sun To Sun” PUBLIC DOMAIN,Anna Roberts-Gevalt | Elizabeth Laprelle,"Anna Roberts-Gevalt and Elizabeth Laprelle at the Seattle Folk Festival, Town Hall, Seattle, WA","12-11-2011 ANNA ROBERTS-GEVALT and ELIZABETH LaPRELLE at the Seattle Folk Festival, Town Hall, Seattle, WA (original files location: MacBU Drive 4, FCP, More Americana Women)",2011-12-11
20111211_ot_005sr_pl_sff_arg,The Ballad of Lord Bateman and the Turkish Lady,Handycam 2011121109 ANNA ROBERTS-GEVALT and ELIZABETH LaPRELLE on vocal at the Seattle Folk Festival ballad song presentation with “Crankie” - in color. Song: The Ballad of Lord Bateman and the Turkish Lady” tradional old english PUBLIC DOMAIN,Anna Roberts-Gevalt | Elizabeth Laprelle,"Anna Roberts-Gevalt and Elizabeth Laprelle at the Seattle Folk Festival, Town Hall, Seattle, WA","12-11-2011 ANNA ROBERTS-GEVALT and ELIZABETH LaPRELLE at the Seattle Folk Festival, Town Hall, Seattle, WA (original files location: MacBU Drive 4, FCP, More Americana Women)",2011-12-11
20111211_ot_005sr_pl_sff_arg,Liza Jane,Handycam 2011121110 ANNA ROBERTS-GEVALT on fiddle and ELIZABETH LaPRELLE banjo and vocal at the Seattle Folk Festival: Traditional tune: Liza Jane” PUBLIC DOMAIN,Anna Roberts-Gevalt | Elizabeth Laprelle,"Anna Roberts-Gevalt and Elizabeth Laprelle at the Seattle Folk Festival, Town Hall, Seattle, WA","12-11-2011 ANNA ROBERTS-GEVALT and ELIZABETH LaPRELLE at the Seattle Folk Festival, Town Hall, Seattle, WA (original files location: MacBU Drive 4, FCP, More Americana Women)",2011-12-11
20111211_ot_005sr_pl_sff_arg,(Who Is The Weaver’s Bonnie) The Devil’s Nine Questions,Handycam 2011121111 ANNA ROBERTS-GEVALT and ELIZABETH LaPRELLE on vocal at the Seattle Folk Festival a riddle song presentation with “Crankie” - in color. Song: (Who Is The Weaver’s Bonnie) The Devil’s Nine Questions” PUBLIC DOMAIN,Anna Roberts-Gevalt | Elizabeth Laprelle,"Anna Roberts-Gevalt and Elizabeth Laprelle at the Seattle Folk Festival, Town Hall, Seattle, WA","12-11-2011 ANNA ROBERTS-GEVALT and ELIZABETH LaPRELLE at the Seattle Folk Festival, Town Hall, Seattle, WA (original files location: MacBU Drive 4, FCP, More Americana Women)",2011-12-11
20111211_ot_005sr_pl_sff_arg,A Whole Heap of Little Horses,Handycam 2011121113 ANNA ROBERTS-GEVALT and ELIZABETH LaPRELLE on vocals at the Seattle Folk Festival accapella Song: ”A Whole Heap of Little Horses” PUBLIC DOMAIN,Anna Roberts-Gevalt | Elizabeth Laprelle,"Anna Roberts-Gevalt and Elizabeth Laprelle at the Seattle Folk Festival, Town Hall, Seattle, WA","12-11-2011 ANNA ROBERTS-GEVALT and ELIZABETH LaPRELLE at the Seattle Folk Festival, Town Hall, Seattle, WA (original files location: MacBU Drive 4, FCP, More Americana Women)",2011-12-11
20120113_ot_007mv_pl_POTG,G Rag,"Handycam 2012011325 Band: The Tallboys (performing in concert @ The Scottish Rite Center Song: G Rag, thought to b public domain, written by the Georgia Yellow Hammers",The Tallboys | Georgia Yellow Hammers,The Tallboys Performing in Concert at The Scottish Rite Center,01-13-2012 (2) Band: The Tallboys (performing in concert @ The Scottish Rite Center,2012-01-13
20120113_ot_008mv_pl_POTG,Slim Gal,"Handycam 2012011326 Band: The Tallboys (performing in concert @ The Scottish Rite Center. Song: Slim Gal, thought to be traditional in the public domain",The Tallboys,The Tallboys Performing in Concert at The Scottish Rite Center,01-13-2012 (2) Band: The Tallboys (performing in concert @ The Scottish Rite Center,2012-01-13
20120113_ot_010mv_pl_POTG,Fourth of July,"Handycam 2012011328 Band: The Tallboys (performing in concert @ The Scottish Rite Center, Song: Fourth of July, by The Georgia Yellow Hammers, thought to be public domain",The Tallboys | Georgia Yellow Hammers,The Tallboys Performing in Concert at The Scottish Rite Center,01-13-2012 (2) Band: The Tallboys (performing in concert @ The Scottish Rite Center,2012-01-13
20120114_ot_010mv_pl_POTG,Drunk Man’s Blues,"Handycam 2012011453 Band: Lauren Sheehan and friends performing at The Scottish Rite Center, Song: Drunk Man’s Blues, by - unknown believed to be public domain, traditional",Lauren Sheehan and Friends,Lauren Sheehan and Friends,01-14-2012 (3) Band: Lauren Sheehan and friends,2012-01-14
20120419_ot_001mv/pl_aj,Mrs. McLeod (aka Hop Light Ladies),Handycam2012041901 Live performance during Delta Symposium w/ Alan Jabbour on fiddle and Ken Perlman on banjo. Tune: Mrs. McLeod (aka Hop Light Ladies) Traditional Public Domain,Alan Jabbour | Ken Perlman,Live Performance by Alan Jabbour and Ken Perlman,04/19/2012 (1) LIVE PERFORMANCE BY ALAN JABBOUR & KEN PERLMAN,2012-04-19
20120419_ot_002mv/pl_aj,Fire On The Mountain (aka Granny Will Your Dog Bite),Handycam2012041902 Live performance during Delta Symposium w/ Alan Jabbour on fiddle and Ken Perlman on banjo. Tune: Fire On The Mountain (aka Granny Will Your Dog Bite) Traditional Public Domain,Alan Jabbour | Ken Perlman,Live Performance by Alan Jabbour and Ken Perlman,04/19/2012 (1) LIVE PERFORMANCE BY ALAN JABBOUR & KEN PERLMAN,2012-04-19
20120419_ot_003mv/pl_aj,Rocky Mountain Goat (aka New Rigged Ship Hornpipe),Handycam2012041903 Live performance during Delta Symposium w/ Alan Jabbour on fiddle and Ken Perlman on banjo. Tune: Rocky Mountain Goat (aka New Rigged Ship Hornpipe) Traditional Public Domain,Alan Jabbour | Ken Perlman,Live Performance by Alan Jabbour and Ken Perlman,04/19/2012 (1) LIVE PERFORMANCE BY ALAN JABBOUR & KEN PERLMAN,2012-04-19
20120419_ot_004mv/pl_aj,Chaple Hill Serenade (aka Green Willis),Handycam2012041904 Live performance during Delta Symposium w/ Alan Jabbour on fiddle and Ken Perlman on banjo. Tune: Chaple Hill Serenade (aka Green Willis) Traditional Public Domain,Alan Jabbour | Ken Perlman,Live Performance by Alan Jabbour and Ken Perlman,04/19/2012 (1) LIVE PERFORMANCE BY ALAN JABBOUR & KEN PERLMAN,2012-04-19
20120419_ot_005mv/pl_aj,British Field March,Handycam2012041905 Live performance during Delta Symposium w/ Alan Jabbour on fiddle and Ken Perlman on banjo. Tune: British Field March Traditional Public Domain,Alan Jabbour | Ken Perlman,Live Performance by Alan Jabbour and Ken Perlman,04/19/2012 (1) LIVE PERFORMANCE BY ALAN JABBOUR & KEN PERLMAN,2012-04-19
20120419_ot_006mv/pl_aj,High Yellow (from Mr. Hypes),Handycam2012041906 Live performance during Delta Symposium w/ Alan Jabbour on fiddle and Ken Perlman on banjo. Tune:High Yellow (from Mr. Hypes) Traditional Public Domain,Alan Jabbour | Ken Perlman,Live Performance by Alan Jabbour and Ken Perlman,04/19/2012 (1) LIVE PERFORMANCE BY ALAN JABBOUR & KEN PERLMAN,2012-04-19
20120419_ot_007mv/pl_aj,Ragged Bill,Handycam2012041907 Live performance during Delta Symposium w/ Alan Jabbour on fiddle and Ken Perlman on banjo. Tune: Ragged Bill( Traditional Public Domain,Alan Jabbour | Ken Perlman,Live Performance by Alan Jabbour and Ken Perlman,04/19/2012 (1) LIVE PERFORMANCE BY ALAN JABBOUR & KEN PERLMAN,2012-04-19
20120419_ot_008mv/pl_aj,"1. Miss Maxwell, 2. Miss Gordon, 3.Island Boy, 4. Saint Ann's Reel","Handycam2012041908 Live performance during Delta Symposium w/ Alan Jabbour Ken Perlman solo on banjo. 4 Tunes:1. Miss Maxwell, 2. Miss Gordon, 3.Island Boy, 4. Saint Ann's Reel. Traditional Public Domain",Alan Jabbour | Ken Perlman,Live Performance by Alan Jabbour and Ken Perlman,04/19/2012 (1) LIVE PERFORMANCE BY ALAN JABBOUR & KEN PERLMAN,2012-04-19
20120419_ot_009mv/pl_aj,Jack Webster's Reel,Handycam2012041909 Live performance during Delta Symposium w/ Alan Jabbour on fiddle and Ken Perlman on banjo.Tune: Jack Webster's Reel. Traditional Public Domain,Alan Jabbour | Ken Perlman,Live Performance by Alan Jabbour and Ken Perlman,04/19/2012 (1) LIVE PERFORMANCE BY ALAN JABBOUR & KEN PERLMAN,2012-04-19
20120419_ot_010mv/pl_aj,Henry Reed's Breakdown,Handycam2012041910 Live performance during Delta Symposium w/ Alan Jabbour on fiddle and Ken Perlman on banjo. Tune:Henry Reed's Breakdown.Traditional Public Domain,Alan Jabbour | Ken Perlman,Live Performance by Alan Jabbour and Ken Perlman,04/19/2012 (1) LIVE PERFORMANCE BY ALAN JABBOUR & KEN PERLMAN,2012-04-19
20120810_bl_005mv_pl_ee_cbb,Bull Doze Blues,"Handycam2012081025 Live Performance by Eleanor Ellis at Couth Buzzard Books, Expresso Bueno Cafe. First Set, Song 5: Bull Doze Blues, written by Henry Thomas PUBLIC DOMAIN (Thomas 1874 died 1930) (revisedas Cnned Heat’s Goin’ Up Country)",Eleanor Ellis | Henry Thomas,"Eleanor Ellis at Couth Buzzard Cafe, Seattle, WA","8/10/12 ELEANOR ELLIS @ COUTH BUZZARD CAFE, SEATTLE, WA",2012-08-10
20120810_bl_021mv_pl_ee_cbb,Richmond Blues,"Handycam2012081041 Live Performance by Eleanor Ellis at Couth Buzzard Books, Expresso Bueno Cafe. Second Set, Song 9: Richmond Blues, written by Julius Daniels, believed to be Public Domain",Eleanor Ellis | Julius Daniels,"Eleanor Ellis at Couth Buzzard Cafe, Seattle, WA","8/10/12 ELEANOR ELLIS @ COUTH BUZZARD CAFE, SEATTLE, WA",2012-08-10
20120909_ot_001sr_pi_cbp,Grey Eagle,TascamDR01112 Cathy Barton Para on banjo and her husband David Para on guitar at American Banjo Camp 2012. Song: Grey Eagle Traditional Public Domain,Catherine Barton Para | David Para,"Catherine (Cathy) Barton Para at American Banjo Camp, Fort Flagler, WA","09/09/2012 CATHERINE (CATHY) BARTON PARA @ AMERICAN BANJO CAMP, FORT FLAGLER,WA",2012-09-09
20120909_ot_005sr_pi_cbp,Saddle Old Kate,TascamDR01116 Cathy Barton Para on banjo and her husband David Para on guitar at American Banjo Camp 2012. Song: Saddle Old Kate Traditional Public Domain,Catherine Barton Para | David Para,"Catherine (Cathy) Barton Para at American Banjo Camp, Fort Flagler, WA","09/09/2012 CATHERINE (CATHY) BARTON PARA @ AMERICAN BANJO CAMP, FORT FLAGLER,WA",2012-09-09
20120909_ot_006sr_pi_cbp,Echos of the Ozarks,TascamDR01117 Cathy Barton Para on banjo and her husband David Para on guitar at American Banjo Camp 2012. Song: Echos of the Ozarks Traditional Public Domain,Catherine Barton Para | David Para,"Catherine (Cathy) Barton Para at American Banjo Camp, Fort Flagler, WA","09/09/2012 CATHERINE (CATHY) BARTON PARA @ AMERICAN BANJO CAMP, FORT FLAGLER,WA",2012-09-09
20140322_bl_001sr_pl_tt_dr,Tapping That Thing,Tascam DR001425 Live performance by Del Rey & Matt Weiner at Tim Noah Thumbnail Theater. Song: “Tapping That Thing”. By: Public Domain,Del Rey | Matt Weiner,Del Rey at Tim Noah Thumbnail Theater,03/22/2014 DEL REY AT TIM NOAH THUMBNAIL THEATER,2014-03-22
20140322_bl_007sr_pl_tt_dr,Texas Twist,Tascam DR001431 Live performance by Del Rey & Matt Weiner at Tim Noah Thumbnail Theater. Song: “Texas Twist”. By: Mattie Hite/Public Domain,Del Rey | Matt Weiner | Mattie Hite,Del Rey at Tim Noah Thumbnail Theater,03/22/2014 DEL REY AT TIM NOAH THUMBNAIL THEATER,2014-03-22
20140322_bl_010sr_pl_tt_dr,Rocking Chair Blues,Tascam DR001434 Live performance by Del Rey & Matt Weiner at Tim Noah Thumbnail Theater. Song: “Rocking Chair Blues” Public Domain,Del Rey | Matt Weiner,Del Rey at Tim Noah Thumbnail Theater,03/22/2014 DEL REY AT TIM NOAH THUMBNAIL THEATER,2014-03-22
20140322_bl_011sr_pl_tt_dr,High Society,Tascam DR001435 Live performance by Del Rey & Matt Weiner at Tim Noah Thumbnail Theater. Song: “High Society” Public Domain,Del Rey | Matt Weiner,Del Rey at Tim Noah Thumbnail Theater,03/22/2014 DEL REY AT TIM NOAH THUMBNAIL THEATER,2014-03-22
20140322_bl_013sr_pl_tt_dr,Can’t Get The Stuff,Tascam DR001437 Live performance by Del Rey & Matt Weiner at Tim Noah Thumbnail Theater. Song: “Can’t Get The Stuff” Public Domain,Del Rey | Matt Weiner,Del Rey at Tim Noah Thumbnail Theater,03/22/2014 DEL REY AT TIM NOAH THUMBNAIL THEATER,2014-03-22
20140322_bl_014sr_pl_tt_dr,She Never,Tascam DR001438 Live performance by Del Rey & Matt Weiner at Tim Noah Thumbnail Theater. Song: “She Never” By: Amos Easton/Public Domain,Del Rey | Matt Weiner | Amos Easton,Del Rey at Tim Noah Thumbnail Theater,03/22/2014 DEL REY AT TIM NOAH THUMBNAIL THEATER,2014-03-22
20140322_bl_018sr_pl_tt_dr,Brazilian Tune,Tascam DR001442 Live performance by Del Rey & Matt Weiner at Tim Noah Thumbnail Theater. Song: “Brazilian Tune” Public Domain,Del Rey | Matt Weiner,Del Rey at Tim Noah Thumbnail Theater,03/22/2014 DEL REY AT TIM NOAH THUMBNAIL THEATER,2014-03-22
20140322_bl_019sr_pl_tt_dr,Land of Calypso,Tascam DR001443 Live performance by Del Rey & Matt Weiner at Tim Noah Thumbnail Theater. Song: “Land of Calypso” Public Domain,Del Rey | Matt Weiner,Del Rey at Tim Noah Thumbnail Theater,03/22/2014 DEL REY AT TIM NOAH THUMBNAIL THEATER,2014-03-22
20140322_bl_021sr_pl_tt_dr,Suitcase Breakdown,Tascam DR001445 Live performance by Del Rey & Matt Weiner at Tim Noah Thumbnail Theater. Song: “Suitcase Breakdown” Public Domain,Del Rey | Matt Weiner,Del Rey at Tim Noah Thumbnail Theater,03/22/2014 DEL REY AT TIM NOAH THUMBNAIL THEATER,2014-03-22