Id,Title,URL,Source,Creator,Year,Alt URL,Filename
510d47d9-4b3f-a3d9-e040-e00a18064a99,Cystoseira granulata,https://digitalcollections.nypl.org/items/510d47d9-4b3f-a3d9-e040-e00a18064a99,nypl,Anna Atkins,1843,,nypl.510d47d9-4b3f-a3d9-e040-e00a18064a99.001.jpg
510d47d9-68a9-a3d9-e040-e00a18064a99,30. Plafond du Tombeau D'amenemhat (n° 82),https://digitalcollections.nypl.org/items/510d47d9-68a9-a3d9-e040-e00a18064a99,nypl,Gustave Jéquier,1911,,nypl.510d47d9-68a9-a3d9-e040-e00a18064a99.001.jpg
510d47d9-6655-a3d9-e040-e00a18064a99,Arabesques : mosaïques murales (XIIe. & XIVe. siècles),https://digitalcollections.nypl.org/items/510d47d9-6655-a3d9-e040-e00a18064a99,nypl,Prisse d'Avennes,1877,,nypl.510d47d9-6655-a3d9-e040-e00a18064a99.001.jpg
510d47d9-6923-a3d9-e040-e00a18064a99,Mosaik aus der Moschee des Galaon el Alfi auf der Citadelle zu Kairo,https://digitalcollections.nypl.org/items/510d47d9-6923-a3d9-e040-e00a18064a99,nypl,Friedrich Maximilian Hessemer,1842,,nypl.510d47d9-6923-a3d9-e040-e00a18064a99.001.jpg
510d47e2-6f7d-a3d9-e040-e00a18064a99,Patterns of Egyptian ceilings.,https://digitalcollections.nypl.org/items/510d47e2-6f7d-a3d9-e040-e00a18064a99,nypl,John Gardner Wilkinson,1837,,nypl.510d47e2-6f7d-a3d9-e040-e00a18064a99.001.jpg
e351cf90-81c1-0134-3ed8-00505686a51c,[Sheet of lace designs],https://digitalcollections.nypl.org/items/e351cf90-81c1-0134-3ed8-00505686a51c,nypl,Unknown,1595 - 1597,,nypl.e351cf90-81c1-0134-3ed8-00505686a51c.001.jpg
510d47e3-9039-a3d9-e040-e00a18064a99,Indian embroidery on black cloth.,https://digitalcollections.nypl.org/items/510d47e3-9039-a3d9-e040-e00a18064a99,nypl,Matthew Digby Wyatt,1852,,nypl.510d47e3-9039-a3d9-e040-e00a18064a99.001.jpg
510d47dd-e90e-a3d9-e040-e00a18064a99,The queen.,https://digitalcollections.nypl.org/items/510d47dd-e90e-a3d9-e040-e00a18064a99,nypl,Robert John Thornton,1807,,nypl.510d47dd-e90e-a3d9-e040-e00a18064a99.001.jpg
510d47e1-c9c4-a3d9-e040-e00a18064a99,Huge horizontal mountains',https://digitalcollections.nypl.org/items/510d47e1-c9c4-a3d9-e040-e00a18064a99,nypl,Gai Wang,1753,,nypl.510d47e1-c9c4-a3d9-e040-e00a18064a99.001.jpg
510d47da-d9af-a3d9-e040-e00a18064a99,Panovazza Court. Floor plans,https://digitalcollections.nypl.org/items/510d47da-d9af-a3d9-e040-e00a18064a99,nypl,G. C. Hesselgren Publishing Co.,1909,,nypl.510d47da-d9af-a3d9-e040-e00a18064a99.001.jpg
510d47e3-14f6-a3d9-e040-e00a18064a99,Moonlight Bay,https://digitalcollections.nypl.org/items/510d47e3-14f6-a3d9-e040-e00a18064a99,nypl,J. H. Remick,1912,,nypl.510d47e3-14f6-a3d9-e040-e00a18064a99.001.jpg
510d47da-e677-a3d9-e040-e00a18064a99,Table with drawing of orbits of planets and sun.,https://digitalcollections.nypl.org/items/510d47da-e677-a3d9-e040-e00a18064a99,nypl,Unknown,1400 - 1499,,nypl.510d47da-e677-a3d9-e040-e00a18064a99.001.jpg
510d47da-8c80-a3d9-e040-e00a18064a99,"Shushan emek uyamah, kerovah for shaharit of Yom Kippur.",https://digitalcollections.nypl.org/items/510d47da-8c80-a3d9-e040-e00a18064a99,nypl,David bar Pesah,1301 - 1400,,nypl.510d47da-8c80-a3d9-e040-e00a18064a99.001.jpg
b9f2b588-8fb6-d39b-e040-e00a180679bc,Population distribution map,https://digitalcollections.nypl.org/items/b9f2b588-8fb6-d39b-e040-e00a180679bc,nypl,New York City Planning Commission,1945,,nypl.b9f2b588-8fb6-d39b-e040-e00a180679bc.001.jpg
d5004270-d06b-0139-3334-0242ac110003,"Jane Porter to Drury Lane Theatre Committee, autograph letter (draft)",https://digitalcollections.nypl.org/items/d5004270-d06b-0139-3334-0242ac110003,nypl,Jane Porter,1816,,nypl.d5004270-d06b-0139-3334-0242ac110003.002.jpg
6b4ee8ad-97ed-8ca4-e040-e00a18065179,King Luckieboy receives General Janus,https://digitalcollections.nypl.org/items/6b4ee8ad-97ed-8ca4-e040-e00a18065179,nypl,Walter Crane,1845 - 1915,,nypl.6b4ee8ad-97ed-8ca4-e040-e00a18065179.001.jpg
6c2b4830-39a0-8bd3-e040-e00a18064268,"""'Little niece,' said Kühleborn, 'forget not that I am here with thee as a guide.'""",https://digitalcollections.nypl.org/items/6c2b4830-39a0-8bd3-e040-e00a18064268,nypl,Arthur Rackham,1912,,nypl.6c2b4830-39a0-8bd3-e040-e00a18064268.001.jpg
6d40fb4e-9c13-3ae6-e040-e00a18061242,"Title Page The Pied Piper of Hamelin, A Child's Story.",https://digitalcollections.nypl.org/items/6d40fb4e-9c13-3ae6-e040-e00a18061242,nypl,Hope Dunlap,1910,,nypl.6d40fb4e-9c13-3ae6-e040-e00a18061242.001.jpg
510d47e4-0c76-a3d9-e040-e00a18064a99,The Harpies,https://digitalcollections.nypl.org/items/510d47e4-0c76-a3d9-e040-e00a18064a99,nypl,Bartolomeo Pinelli,1878,,nypl.510d47e4-0c76-a3d9-e040-e00a18064a99.001.jpg
510d47e4-54dc-a3d9-e040-e00a18064a99,Abydos: Temple Ramses III,https://digitalcollections.nypl.org/items/510d47e4-54dc-a3d9-e040-e00a18064a99,nypl,Cairo Postcard Trust,1907 - 1930,,nypl.510d47e4-54dc-a3d9-e040-e00a18064a99.001.jpg
e24d2190-bad5-0132-a5c4-58d385a7bbd0,Detail of tabby wall. Ruins of supposed Spanish mission. St. Marys Georgia,https://digitalcollections.nypl.org/items/e24d2190-bad5-0132-a5c4-58d385a7bbd0,nypl,Walker Evans,1936,,nypl.e24d2190-bad5-0132-a5c4-58d385a7bbd0.001.jpg
b0d65bdd-774d-7d0a-e040-e00a18065084,Alioto's,https://digitalcollections.nypl.org/items/b0d65bdd-774d-7d0a-e040-e00a18065084,nypl,Unknown,1956,,nypl.b0d65bdd-774d-7d0a-e040-e00a18065084.001.jpg
5448f7e0-7188-0136-d3ab-4798ffdc316c,"Jesse, Arthur",https://digitalcollections.nypl.org/items/5448f7e0-7188-0136-d3ab-4798ffdc316c,nypl,Arthur Jesse,1886,,nypl.5448f7e0-7188-0136-d3ab-4798ffdc316c.001.jpg
510d47da-20a3-a3d9-e040-e00a18064a99,Westminster Abbey from the west entrance.,https://digitalcollections.nypl.org/items/510d47da-20a3-a3d9-e040-e00a18064a99,nypl,Benson J. Lossing,1777 - 1890,,nypl.510d47da-20a3-a3d9-e040-e00a18064a99.001.jpg
510d47da-548e-a3d9-e040-e00a18064a99,"Subterranean Water Action - St. John's Cathedral, Endless Caverns, New Market,VA., Milwaukee Public Museum Group",https://digitalcollections.nypl.org/items/510d47da-548e-a3d9-e040-e00a18064a99,nypl,Detroit Publishing Company,1898 - 1931,,nypl.510d47da-548e-a3d9-e040-e00a18064a99.001.jpg
7c833542-004e-c644-e040-e00a18063fbc,Branchages,https://digitalcollections.nypl.org/items/7c833542-004e-c644-e040-e00a18063fbc,nypl,Rodolphe Bresdin,1854 - 1884,,nypl.7c833542-004e-c644-e040-e00a18063fbc.001.jpg
3595bf70-e01b-0134-4f88-03fcb6f6c0cf,Geological map of north eastern Alabama with adjacent portions of Tennessee and Georgia,https://digitalcollections.nypl.org/items/3595bf70-e01b-0134-4f88-03fcb6f6c0cf,nypl,Eugene Allen Smith,1890,,nypl.3595bf70-e01b-0134-4f88-03fcb6f6c0cf.001.jpg
43c1e910-1c84-0134-4ccd-00505686a51c,Letter to Samuel Cooper,https://digitalcollections.nypl.org/items/43c1e910-1c84-0134-4ccd-00505686a51c,nypl,Samuel Adams,1779,,nypl.43c1e910-1c84-0134-4ccd-00505686a51c.001.jpg
19f89df0-642b-0135-c258-1d2b916958ed,"Fan Kuai (Hankai), from the series A Set of Three Broken Doors (Haitatsu sanban)",https://digitalcollections.nypl.org/items/19f89df0-642b-0135-c258-1d2b916958ed,nypl,Yashima Gakutei,1827,,nypl.19f89df0-642b-0135-c258-1d2b916958ed.001.jpg
510d47db-bf6d-a3d9-e040-e00a18064a99,Battle of New Orleans.,https://digitalcollections.nypl.org/items/510d47db-bf6d-a3d9-e040-e00a18064a99,nypl,Julian Oliver Davidson,1885,,nypl.510d47db-bf6d-a3d9-e040-e00a18064a99.001.jpg
510d47dc-39c3-a3d9-e040-e00a18064a99,Interior work : structural framework.,https://digitalcollections.nypl.org/items/510d47dc-39c3-a3d9-e040-e00a18064a99,nypl,New York Public Library,1905,,nypl.510d47dc-39c3-a3d9-e040-e00a18064a99.001.jpg
510d47db-c348-a3d9-e040-e00a18064a99,Virginia,https://digitalcollections.nypl.org/items/510d47db-c348-a3d9-e040-e00a18064a99,nypl,Ralph Hall,1637,,nypl.510d47db-c348-a3d9-e040-e00a18064a99.001.jpg
510d47d9-57ff-a3d9-e040-e00a18064a99,Saqara [Saqqârah]: Grab 24. Decken Verzierungen ; Grab 15. Details  der Blendthür.,https://digitalcollections.nypl.org/items/510d47d9-57ff-a3d9-e040-e00a18064a99,nypl,Gustav Reubke,1849 - 1856,,nypl.510d47d9-57ff-a3d9-e040-e00a18064a99.001.jpg
cb647b80-e148-0132-3985-58d385a7bbd0,Panel ornament with two lovers,https://digitalcollections.nypl.org/items/cb647b80-e148-0132-3985-58d385a7bbd0,nypl,Israhel van Meckenem,1401 - 1500,,nypl.cb647b80-e148-0132-3985-58d385a7bbd0.001.jpg
5e66b3e9-19a5-d471-e040-e00a180654d7,"The prophet Lût (Lot) talks with the angel Jibrâ'îl, with the destroyed city of Sodom in the background, fol. 37v",https://digitalcollections.nypl.org/items/5e66b3e9-19a5-d471-e040-e00a180654d7,nypl,Abū Isḥāq Ibrāhīm ibn Manṣūr Nīsābūrī,1577,,nypl.5e66b3e9-19a5-d471-e040-e00a180654d7.001.jpg
e7d81b10-22c9-0135-875a-7bd7facf7621,Kamakara no Kengoro Kagemasa fighting Tori no umi Yosaburo Yasunori,https://digitalcollections.nypl.org/items/e7d81b10-22c9-0135-875a-7bd7facf7621,nypl,Hokusai Katsushika,1801 - 1825,,nypl.e7d81b10-22c9-0135-875a-7bd7facf7621.001.jpg
510d47e3-b8e9-a3d9-e040-e00a18064a99,Emil Filla: Jitro.,https://digitalcollections.nypl.org/items/510d47e3-b8e9-a3d9-e040-e00a18064a99,nypl,Emil Filla,1911 - 1913,,nypl.510d47e3-b8e9-a3d9-e040-e00a18064a99.001.jpg
510d47de-0055-a3d9-e040-e00a18064a99,Oldest makers in America [Back cover].,https://digitalcollections.nypl.org/items/510d47de-0055-a3d9-e040-e00a18064a99,nypl,Haynes Automobile Company,1903 - 1916,,nypl.510d47de-0055-a3d9-e040-e00a18064a99.001.jpg
510d47d9-7dcd-a3d9-e040-e00a18064a99,"Panorama of the seat of war.  Birds eye view of Virginia, Maryland Delaware and the District of Columbia",https://digitalcollections.nypl.org/items/510d47d9-7dcd-a3d9-e040-e00a18064a99,nypl,John Bachmann,1861,,nypl.510d47d9-7dcd-a3d9-e040-e00a18064a99.001.jpg
510d47df-8acd-a3d9-e040-e00a18064a99,Korosmezo und Mikuliczyn.,https://digitalcollections.nypl.org/items/510d47df-8acd-a3d9-e040-e00a18064a99,nypl,Austro-Hungarian Monarchy. Militärgeographisches Institut,1914,,nypl.510d47df-8acd-a3d9-e040-e00a18064a99.001.jpg
99a2ba10-e35e-0135-6976-6f541abdf41f,"Horae, fol. 136",https://digitalcollections.nypl.org/items/99a2ba10-e35e-0135-6976-6f541abdf41f,nypl,Unknown,1500,,nypl.99a2ba10-e35e-0135-6976-6f541abdf41f.001.jpg
3ce8ca70-3f07-0138-cf9e-7db166cb8ada,"Ajâ'ib al-makhlûqât va gharâ'ib al-mawjûdât, f. 61v",https://digitalcollections.nypl.org/items/3ce8ca70-3f07-0138-cf9e-7db166cb8ada,nypl,Zakarīyā ibn Muḥammad Qazwīnī,1540 - 1545,,nypl.3ce8ca70-3f07-0138-cf9e-7db166cb8ada.001.jpg
c4514d80-c21f-0133-0e95-00505686d14e,A shnirele perl: drama in 4 aḳṭen,https://digitalcollections.nypl.org/items/c4514d80-c21f-0133-0e95-00505686d14e,nypl,Yiddish Art Theatre Players,1925,,nypl.c4514d80-c21f-0133-0e95-00505686d14e.001.jpg
510d47dc-40d3-a3d9-e040-e00a18064a99,Front endpaper,https://digitalcollections.nypl.org/items/510d47dc-40d3-a3d9-e040-e00a18064a99,nypl,Jean Stroobants,1885,,nypl.510d47dc-40d3-a3d9-e040-e00a18064a99.001.jpg
510d47de-0c73-a3d9-e040-e00a18064a99,"Kartiny iz Biblii i Apokalipsisa, raboty mastera Koreniai",https://digitalcollections.nypl.org/items/510d47de-0c73-a3d9-e040-e00a18064a99,nypl,Ekspeditsiia zagotovleniia gos. bumag,1881,,nypl.510d47de-0c73-a3d9-e040-e00a18064a99.001.jpg
099c81b0-e8f3-0130-f869-58d385a7bbd0,Characters and Caricaturas,https://digitalcollections.nypl.org/items/099c81b0-e8f3-0130-f869-58d385a7bbd0,nypl,William Hogarth,1743,,nypl.099c81b0-e8f3-0130-f869-58d385a7bbd0.001.jpg
2b2d1530-8ebf-0132-bb24-58d385a7b928,Masonic Publishing Co; Olympic Theatre,https://digitalcollections.nypl.org/items/2b2d1530-8ebf-0132-bb24-58d385a7b928,nypl,Unknown,1873,,nypl.2b2d1530-8ebf-0132-bb24-58d385a7b928.001.jpg
510d47e2-4ecc-a3d9-e040-e00a18064a99,Poseliane Voronezhskoi gubernii. Velikorossiiane.,https://digitalcollections.nypl.org/items/510d47e2-4ecc-a3d9-e040-e00a18064a99,nypl,Vasiliĭ Fëdorovich Timm,1851 - 1862,,nypl.510d47e2-4ecc-a3d9-e040-e00a18064a99.001.jpg
85627f27-1238-9fab-e040-e00a18061aa8,F-6,https://digitalcollections.nypl.org/items/85627f27-1238-9fab-e040-e00a18061aa8,nypl,Unknown,2100 - 2000 B.C.,,nypl.85627f27-1238-9fab-e040-e00a18061aa8.001.jpg
510d47da-5218-a3d9-e040-e00a18064a99,When I'm looking at you,https://digitalcollections.nypl.org/items/510d47da-5218-a3d9-e040-e00a18064a99,nypl,"T.B. Harms & Francis, Day & Hunter",1918,,nypl.510d47da-5218-a3d9-e040-e00a18064a99.001.jpg
510d47d9-477c-a3d9-e040-e00a18064a99,"Saggi delle pitture e ornamenti, che decorano le volte, o i soffitti delle tombe e delle case egiziane.",https://digitalcollections.nypl.org/items/510d47d9-477c-a3d9-e040-e00a18064a99,nypl,Giuseppe Angelelli,1832 - 1844,,nypl.510d47d9-477c-a3d9-e040-e00a18064a99.001.jpg
510d47e3-af77-a3d9-e040-e00a18064a99,Brokat.,https://digitalcollections.nypl.org/items/510d47e3-af77-a3d9-e040-e00a18064a99,nypl,F. Bruckmann,1912,,nypl.510d47e3-af77-a3d9-e040-e00a18064a99.001.jpg
510d47e0-d8bd-a3d9-e040-e00a18064a99,A sectional view of the New York Public Library,https://digitalcollections.nypl.org/items/510d47e0-d8bd-a3d9-e040-e00a18064a99,nypl,Scientific American,1911,,nypl.510d47e0-d8bd-a3d9-e040-e00a18064a99.001.jpg
7c06aa40-4130-0138-5cdb-0792cb28f66b,No. 94,https://digitalcollections.nypl.org/items/7c06aa40-4130-0138-5cdb-0792cb28f66b,nypl,Claude Lorrain,1777 - 1819,,nypl.7c06aa40-4130-0138-5cdb-0792cb28f66b.001.jpg
510d47dc-95c6-a3d9-e040-e00a18064a99,Mangrove trees on the borders of the Mesurado lagoon,https://digitalcollections.nypl.org/items/510d47dc-95c6-a3d9-e040-e00a18064a99,nypl,Hutchinson & Co.,1906,,nypl.510d47dc-95c6-a3d9-e040-e00a18064a99.001.jpg
510d47e3-4b75-a3d9-e040-e00a18064a99,"Bordure d'un des vitraux, que Suger fit executer dans l'église de l'abbaye de St. Denis.",https://digitalcollections.nypl.org/items/510d47e3-4b75-a3d9-e040-e00a18064a99,nypl,Nicolas Xavier Willemin,1839,,nypl.510d47e3-4b75-a3d9-e040-e00a18064a99.001.jpg
19a7e380-d1fc-0134-9ca8-00505686a51c,Africa,https://digitalcollections.nypl.org/items/19a7e380-d1fc-0134-9ca8-00505686a51c,nypl,Emil Schulthess,1959,,nypl.19a7e380-d1fc-0134-9ca8-00505686a51c.315.jpg
5fe9a0b3-557a-68bb-e040-e00a180615c4,"Fig. CXXIIX. Haustrum sextuplex, per capsulas.",https://digitalcollections.nypl.org/items/5fe9a0b3-557a-68bb-e040-e00a180615c4,nypl,Georg Andreas Böckler,1662,,nypl.5fe9a0b3-557a-68bb-e040-e00a180615c4.001.jpg
fc85dab0-ae6b-0133-7df4-00505686d14e,"Ma vision, ou Idées sur L'affranchissement des noirs",https://digitalcollections.nypl.org/items/fc85dab0-ae6b-0133-7df4-00505686d14e,nypl,Unknown,1789 - 1865,,nypl.fc85dab0-ae6b-0133-7df4-00505686d14e.001.jpg
5e66b3e8-8969-d471-e040-e00a180654d7,Ruhhâm chases Bârmân.,https://digitalcollections.nypl.org/items/5e66b3e8-8969-d471-e040-e00a180654d7,nypl,Firdawsî,1616,,nypl.5e66b3e8-8969-d471-e040-e00a180654d7.001.jpg
4a6c0440-2893-0132-4636-58d385a7bbd0,Harlem WPA Street Dance,https://digitalcollections.nypl.org/items/4a6c0440-2893-0132-4636-58d385a7bbd0,nypl,Elizabeth Olds,1935 - 1943,,nypl.4a6c0440-2893-0132-4636-58d385a7bbd0.001.jpg
9bf3f772-ae23-0baf-e040-e00a18066e50,"Scroll 3, scene 5",https://digitalcollections.nypl.org/items/9bf3f772-ae23-0baf-e040-e00a18066e50,nypl,Unknown,1650 - 1699,,nypl.9bf3f772-ae23-0baf-e040-e00a18066e50.001.jpg
510d47df-79b9-a3d9-e040-e00a18064a99,Up a tree.,https://digitalcollections.nypl.org/items/510d47df-79b9-a3d9-e040-e00a18064a99,nypl,Porter & Coates,1872,,nypl.510d47df-79b9-a3d9-e040-e00a18064a99.001.jpg
510d47e0-1610-a3d9-e040-e00a18064a99,Tissus de raphia brodés. 1. Bashoba. 2-6. Bangongo.,https://digitalcollections.nypl.org/items/510d47e0-1610-a3d9-e040-e00a18064a99,nypl,Ministère des colonies : en vente chez Falk fils,1910,,nypl.510d47e0-1610-a3d9-e040-e00a18064a99.001.jpg
437654,Circus Sideshow (Parade de cirque),https://www.metmuseum.org/art/collection/search/437654,met,Georges Seurat,1887 - 1888,,met.437654.001.jpg
436524,Sunflowers,https://www.metmuseum.org/art/collection/search/436524,met,Vincent van Gogh,1887,,met.436524.001.jpg
823660,Serape,https://www.metmuseum.org/art/collection/search/823660,met,Unidentified,ca. 1840 - 1850,,met.823660.001.jpg
446285,Panel from a Rectangular Box,https://www.metmuseum.org/art/collection/search/446285,met,Unidentified,10th - early 11th century,,met.446285.001.jpg
337725,"The Round Tower, from ""Carceri d'invenzione"" (Imaginary Prisons)",https://www.metmuseum.org/art/collection/search/337725,met,Giovanni Battista Piranesi,ca. 1749 - 1750,,met.337725.001.jpg
544502,Ceiling painting from the palace of Amenhotep III,https://www.metmuseum.org/art/collection/search/544502,met,Unidentified,ca. 1390 - 1353 B.C.,,met.544502.001.jpg
316457,Ceremonial Banner (Palepai Maju),https://www.metmuseum.org/art/collection/search/316457,met,Unidentified,18th century,,met.316457.001.jpg
316945,Border Fragment,https://www.metmuseum.org/art/collection/search/316945,met,Unidentified,450 - 175 B.C.,,met.316945.002.jpg
451373,Ceiling,https://www.metmuseum.org/art/collection/search/451373,met,Unidentified,16th century,,met.451373.001.jpg
229859,Chasuble (one of a set of five vestments),https://www.metmuseum.org/art/collection/search/229859,met,Unidentified,18th century,,met.229859.001.jpg
322585,Panel with striding lion,https://www.metmuseum.org/art/collection/search/322585,met,Unidentified,ca. 604 - 562 B.C.,,met.322585.001.jpg
674,Basin,https://www.metmuseum.org/art/collection/search/674,met,Master Potter A,ca. 1650,,met.674.001.jpg
39735,Panel with Peonies and Butterfly,https://www.metmuseum.org/art/collection/search/39735,met,Unidentified,late 14th - 15th century,,met.39735.001.jpg
11130,Northeaster,https://www.metmuseum.org/art/collection/search/11130,met,Winslow Homer,1895,,met.11130.001.jpg
544320,Stela of the Steward Mentuwoser,https://www.metmuseum.org/art/collection/search/544320,met,Unidentified,ca. 1944 B.C.,,met.544320.001.jpg
199674,The Holy Family with Saints Anne and Joachim,https://www.metmuseum.org/art/collection/search/199674,met,Diego de Pesquera,1567 - 1568,,met.199674.001.jpg
12544,Ocean Life,https://www.metmuseum.org/art/collection/search/12544,met,James M. Sommerville,1859,,met.12544.001.jpg
313240,Relief with Enthroned Ruler,https://www.metmuseum.org/art/collection/search/313240,met,Chakalte' ,early 770s,,met.313240.001.jpg
436163,Three Dancers Preparing for Class,https://www.metmuseum.org/art/collection/search/436163,met,Edgar Degas,after 1878,,met.436163.001.jpg
451725,"""The Concourse of the Birds"", Folio 11r from a Mantiq al-tair (Language of the Birds)",https://www.metmuseum.org/art/collection/search/451725,met,Habiballah of Sava,ca. 1600,,met.451725.001.jpg
39730,Welcoming Spring,https://www.metmuseum.org/art/collection/search/39730,met,Unidentified,15th century,,met.39730.001.jpg
451102,Textile Fragment,https://www.metmuseum.org/art/collection/search/451102,met,Unidentified,mid-16th century,,met.451102.001.jpg
449537,Mihrab (Prayer Niche),https://www.metmuseum.org/art/collection/search/449537,met,Unidentified,1354 - 1355,,met.449537.001.jpg
49156,"The Kangxi Emperor's Southern Inspection Tour, Scroll Three: Ji'nan to Mount Tai",https://www.metmuseum.org/art/collection/search/49156,met,Wang Hui,1698,,met.49156.001.jpg
11325,Sunset on the Sea,https://www.metmuseum.org/art/collection/search/11325,met,John Frederick Kensett,1872,,met.11325.001.jpg
13907,"Quilt (or decorative throw), Crazy pattern",https://www.metmuseum.org/art/collection/search/13907,met,Tamar Horton Harris North,ca. 1877,,met.13907.001.jpg
316393,Plaque: Warrior and Attendants,https://www.metmuseum.org/art/collection/search/316393,met,Unidentified,16th - 17th century,,met.316393.001.jpg
449534,Tughra (Insignia) of Sultan Süleiman the Magnificent (r. 1520–66),https://www.metmuseum.org/art/collection/search/449534,met,Unidentified,ca. 1555 - 1560,,met.449534.001.jpg
317781,Altar to the Hand of Ezomo Ehenua (Ikegobo),https://www.metmuseum.org/art/collection/search/317781,met,Unidentified,18th - 19th century,,met.317781.001.jpg
78670,A New Record Comparing the Handwriting of the Courtesans of the Yoshiwara,https://www.metmuseum.org/art/collection/search/78670,met,Kitao Masanobu,1784,,met.78670.001.jpg
204217,Male adult goat,https://www.metmuseum.org/art/collection/search/204217,met,Unidentified,second half 18th century,,met.204217.001.jpg
444011,Textile Fragment,https://www.metmuseum.org/art/collection/search/444011,met,Unidentified,6th - 7th century,,met.444011.001.jpg
447860,Roundel,https://www.metmuseum.org/art/collection/search/447860,met,Unidentified,6th - 7th century,,met.447860.001.jpg
469947,Angel of the Annunciation,https://www.metmuseum.org/art/collection/search/469947,met,Unidentified,ca. 1290–1300,,met.469947.001.jpg
312615,Tunic Fragment,https://www.metmuseum.org/art/collection/search/312615,met,Unidentified,7th–9th century,,met.312615.001.jpg
547798,"Pectoral with bovine head crowned with disk, horns and feathers",https://www.metmuseum.org/art/collection/search/547798,met,Unidentified,ca. 664–200 B.C.,,met.547798.001.jpg
312849,Miniature Dress,https://www.metmuseum.org/art/collection/search/312849,met,Unidentified,12th–13th century,,met.312849.001.jpg
315050,Tunic,https://www.metmuseum.org/art/collection/search/315050,met,Unidentified,700–850,,met.315050.001.jpg
319585,Woman's Mantle,https://www.metmuseum.org/art/collection/search/319585,met,Unidentified,late 18th century,,met.319585.001.jpg
450512,"""Battle Scene"", Folio from a Zafarnama (Book of Victories) of Sharaf al-Din 'Ali Yazdi",https://www.metmuseum.org/art/collection/search/450512,met,Sharaf al-din 'Ali Yazdi,1485–86,,met.450512.001.jpg
681632,Face of Half a Double Saddlebag (Khorjin),https://www.metmuseum.org/art/collection/search/681632,met,Unidentified,ca. 1875,,met.681632.001.jpg
488108,The Harbor,https://www.metmuseum.org/art/collection/search/488108,met,Josef Presser,ca. 1943,,met.488108.001.jpg
488147,Still Life,https://www.metmuseum.org/art/collection/search/488147,met,Ben Benn,1941,,met.488147.001.jpg
485555,The Street Pavers,https://www.metmuseum.org/art/collection/search/485555,met,Umberto Boccioni,1914,,met.485555.001.jpg
488143,Summer Day,https://www.metmuseum.org/art/collection/search/488143,met,Richard Sussman,ca. 1939,,met.488143.001.jpg
459968,Landscape,https://www.metmuseum.org/art/collection/search/459968,met,Auguste Renoir,1889,,met.459968.001.jpg
459095,Pines Along the Shore,https://www.metmuseum.org/art/collection/search/459095,met,Henri-Edmond Cross,1896,,met.459095.001.jpg
460193,Dish (coppa),https://www.metmuseum.org/art/collection/search/460193,met,Guido Durantino,ca. 1525,,met.460193.001.jpg
325851,Cuneiform tablet: caravan account,https://www.metmuseum.org/art/collection/search/325851,met,Unidentified,ca. 20th–19th century B.C.,,met.325851.001.jpg
168386,Pouch,https://www.metmuseum.org/art/collection/search/168386,met,Unidentified,1830–60,,met.168386.001.jpg
157558,Headdress,https://www.metmuseum.org/art/collection/search/157558,met,Unidentified,19th century,,met.157558001.jpg
550806,Stela of Saiah,https://www.metmuseum.org/art/collection/search/550806,met,Unidentified,ca. 825–712 B.C.,,met.550806.001.jpg
548625,Scarab Commemorating the King's Marriage to Queen Tiye,https://www.metmuseum.org/art/collection/search/548625,met,Unidentified,ca. 1390–1352 B.C.,,met.548625.001.jpg
58696,Case (Inrō) with Design of Young Pines Growing beside Gnarled Pine Trees,https://www.metmuseum.org/art/collection/search/58696,met,Unidentified,19th century,,met.58696.001.JPG
55240,The Advent of a Demon; Scene from a Performance in an old Kabuki Theatre,https://www.metmuseum.org/art/collection/search/55240,met,Unidentified,1615–1868,,met.55240.001.jpg
453153,"""The Execution of the Brahmins"", Folio from a Kalila wa Dimna",https://www.metmuseum.org/art/collection/search/453153,met,Unidentified,second quarter 16th century,,met.453153.001.jpg
37849,Krishna Battles the Armies of the Demon Naraka: Page from a Bhagavata Purana Manuscript,https://www.metmuseum.org/art/collection/search/37849,met,Unidentified,ca. 1540,,met.37849.001.jpg
447743,"""The Spy Zambur Brings Mahiya to the City of Tawariq"", Folio from a Hamzanama (Book of Hamza)",https://www.metmuseum.org/art/collection/search/447743,met,Kesav Das,ca. 1570,,met.447743.001.jpg
37808,"The Wrathful Protector Mahakala, Tantric Protective Form of Avalokiteshvara",https://www.metmuseum.org/art/collection/search/37808,met,Unidentified,early 18th century,,met.37808.001.jpg
854908,"Vaishravana, Guardian of Buddhism and Protector of Riches",https://www.metmuseum.org/art/collection/search/854908,met,Unidentified,early 15th century,,met.854908.001.jpg
307599,Eagle Relief,https://www.metmuseum.org/art/collection/search/307599,met,Unidentified,10th–13th century,,met.307599.001.jpg
841656,Tray (Batea) with Turnus Provoked into War by Aeneas,https://www.metmuseum.org/art/collection/search/841656,met,José Manuel de la Cerda,ca. 1764,,met.841656.001.jpg
365553,Design for a cornice.,https://www.metmuseum.org/art/collection/search/365553,met,Anonymous,1700–1780,,met.365553.001.jpg
437159,Young Woman Knitting,https://www.metmuseum.org/art/collection/search/437159,met,Berthe Morisot,ca. 1883,,met.437159.001.jpg
12042264,Actinologia britannica. Plate VI (Illustration),https://www.biodiversitylibrary.org/page/12042264,biodiversity,Philip Henry Gosse,1860,https://www.flickr.com/photos/biodivlibrary/6850396970/,biodiversity.12042264.001.jpg
12042158,Actinologia britannica. Plate III (Illustration),https://www.biodiversitylibrary.org/page/12042158,biodiversity,Philip Henry Gosse,1860,https://www.flickr.com/photos/biodivlibrary/6996520299/,biodiversity.12042158.001.jpg
12042246,Actinologia britannica. Plate IV (Illustration),https://www.biodiversitylibrary.org/page/12042246,biodiversity,Philip Henry Gosse,1860,https://www.flickr.com/photos/biodivlibrary/6996521027/,biodiversity.12042246.001.jpg
12042092,Actinologia britannica. Plate II (Illustration),https://www.biodiversitylibrary.org/page/12042092,biodiversity,Philip Henry Gosse,1860,https://www.flickr.com/photos/biodivlibrary/6850394706/,biodiversity.12042092.001.jpg
12042300,Actinologia britannica. Plate VIII (Illustration),https://www.biodiversitylibrary.org/page/12042300,biodiversity,Philip Henry Gosse,1860,https://www.flickr.com/photos/biodivlibrary/6996523293/,biodiversity.12042300.001.jpg
12042290,Actinologia britannica. Plate VII (Illustration),https://www.biodiversitylibrary.org/page/12042290,biodiversity,Philip Henry Gosse,1860,https://www.flickr.com/photos/biodivlibrary/6996522605/,biodiversity.12042290.001.jpg
3895019,Nouvel atlas de poche des champignons comestibles et vénéneux. Pl. 53 (Illustration),https://www.biodiversitylibrary.org/page/3895019,biodiversity,Paul Dumée,1911 - 1912,https://www.flickr.com/photos/biodivlibrary/6459647535/,biodiversity.3895019.001.jpg
23630169,"Southern wild flowers and trees, together with shrubs, vines and various forms of growth found through the mountains, the middle district and the low country of the South. Plate CXIX (Illustration)",https://www.biodiversitylibrary.org/page/23630169,biodiversity,Alice Lounsberry,1901,https://www.flickr.com/photos/biodivlibrary/8427214388/,biodiversity.23630169.001.jpg
15484196,"The illustration horticole : an illustrated monthly review of new and interesting plants with their descriptions, history and culture. PL. 193 (Illustration)",https://www.biodiversitylibrary.org/page/15484196,biodiversity,Jean Jules Linden,1854 - 1896,https://www.flickr.com/photos/biodivlibrary/8404620189/,biodiversity.15484196.001.jpg
42229865,"Farquhar's bulbs 1902. Cover, Illustration",https://www.biodiversitylibrary.org/page/42229865,biodiversity,R. & J. Farquhar Company,1902,https://www.flickr.com/photos/biodivlibrary/15766025934/,biodiversity.42229865.001.jpg
33543600,Kunstformen der Natur. Tafel 74 (Illustration),https://www.biodiversitylibrary.org/page/33543600,biodiversity,Ernst Haeckel,1904,https://www.flickr.com/photos/biodivlibrary/6197846292/,biodiversity.33543600.001.jpg
39928429,Comprehensive catalogue of Queensland plants. Plate IV (Illustration),https://www.biodiversitylibrary.org/page/39928429,biodiversity,Frederick Manson Bailey,1909,https://www.flickr.com/photos/biodivlibrary/51280178052/,biodiversity.39928429.001.jpg
39928887,Comprehensive catalogue of Queensland plants. Plate XV (Illustration),https://www.biodiversitylibrary.org/page/39928887,biodiversity,Frederick Manson Bailey,1909,https://www.flickr.com/photos/biodivlibrary/51280240277/,biodiversity.39928887.001.jpg
27803982,Flore des serres et des jardins de l'Europe. Illustration,https://www.biodiversitylibrary.org/page/27803982,biodiversity,Louis Van Houtte,1845 - 1880,https://www.flickr.com/photos/biodivlibrary/9509950064/,biodiversity.27803982.001.jpg
13414315,"The natural history of Carolina, Florida, and the Bahama Islands",https://www.biodiversitylibrary.org/page/13414315,biodiversity,Mark Catesby,1754,https://www.flickr.com/photos/biodivlibrary/26262659193/,biodiversity.13414315.001.jpg
15848455,L'Illustration horticole. Pl. DXXXIX (Illustration),https://www.biodiversitylibrary.org/page/15848455,biodiversity,Charles Antoine Lemaire,1854 - 1896,https://www.flickr.com/photos/biodivlibrary/7787894234/,biodiversity.15848455.001.jpg
15848440,L'Illustration horticole. Pl. DXXXVII (Illustration),https://www.biodiversitylibrary.org/page/15848440,biodiversity,Charles Antoine Lemaire,1854 - 1896,https://www.flickr.com/photos/biodivlibrary/7787892904/,biodiversity.15848440.001.jpg
50241074,The floral magazine,https://www.biodiversitylibrary.org/page/50241074,biodiversity,Henry Honywood Dombrain,1870,https://www.flickr.com/photos/biodivlibrary/28714655420/,biodiversity.50241074.001.jpg
13387228,The world of the sea. PL. VII (Illustration),https://www.biodiversitylibrary.org/page/13387228,biodiversity,Alfred Moquin-Tandon,1869,https://www.flickr.com/photos/biodivlibrary/51235710867/,biodiversity.13387228.001.jpg
13387277,The world of the sea. PL. IX (Illustration),https://www.biodiversitylibrary.org/page/13387277,biodiversity,Alfred Moquin-Tandon,1869,https://www.flickr.com/photos/biodivlibrary/51235711262/,biodiversity.13387277.001.jpg
43084587,"Ocean gardens, Plate X (Illustration)",https://www.biodiversitylibrary.org/page/43084587,biodiversity,Henry Noel Humphreys,1857,https://www.flickr.com/photos/biodivlibrary/50703401421/,biodiversity.43084587.001.jpg
43084555,"Ocean gardens, Plate IX (Illustration)",https://www.biodiversitylibrary.org/page/43084555,biodiversity,Henry Noel Humphreys,1857,https://www.flickr.com/photos/biodivlibrary/50702664523/,biodiversity.43084555.001.jpg
43084482,"Ocean gardens, Plate III (Illustration)",https://www.biodiversitylibrary.org/page/43084482,biodiversity,Henry Noel Humphreys,1857,https://www.flickr.com/photos/biodivlibrary/50702663233/,biodiversity.43084482.001.jpg
43084492,"Ocean gardens, Plate VII (Illustration)",https://www.biodiversitylibrary.org/page/43084492,biodiversity,Henry Noel Humphreys,1857,https://www.flickr.com/photos/biodivlibrary/50703487027/,biodiversity.43084492.001.jpg
12471950,Oceanic birds of South America. v.1. Illustration,https://www.biodiversitylibrary.org/page/12471950,biodiversity,Robert Cushman Murphy,1936,https://www.flickr.com/photos/biodivlibrary/6288902227/,biodiversity.12471950.001.jpg
21738971,Wild life of the world. v.2. Plate (Illustration),https://www.biodiversitylibrary.org/page/21738971,biodiversity,Richard Lydekker,1916,https://www.flickr.com/photos/biodivlibrary/6263677184/,biodiversity.21738971.001.jpg
49408967,Reise der österreichischen Fregatte Novara. Illustration,https://www.biodiversitylibrary.org/page/49408967,biodiversity,Bernhard Wüllerstorf-Urbair,1861,https://www.flickr.com/photos/biodivlibrary/49830501823/,biodiversity.49408967.001.jpg
35041408,Ornithological miscellany V.3. Illustration,https://www.biodiversitylibrary.org/page/35041408,biodiversity,George Dawson Rowley,1876 - 1878,https://www.flickr.com/photos/biodivlibrary/5982101116/,biodiversity.35041408.001.jpg
33543622,Kunstformen der Natur. Tafel 79 (Illustration),https://www.biodiversitylibrary.org/page/33543622,biodiversity,Ernst Haeckel,1904,https://www.flickr.com/photos/biodivlibrary/6197330677/,biodiversity.33543622.001.jpg
33543710,Kunstformen der Natur. Tafel 96 (Illustration),https://www.biodiversitylibrary.org/page/33543710,biodiversity,Ernst Haeckel,1904,https://www.flickr.com/photos/biodivlibrary/6197854336/,biodiversity.33543710.001.jpg
33543720,Kunstformen der Natur. Tafel 98 (Illustration),https://www.biodiversitylibrary.org/page/33543720,biodiversity,Ernst Haeckel,1904,https://www.flickr.com/photos/biodivlibrary/6197854762/,biodiversity.33543720.001.jpg
33543674,Kunstformen der Natur. Tafel 89 (Illustration),https://www.biodiversitylibrary.org/page/33543674,biodiversity,Ernst Haeckel,1904,https://www.flickr.com/photos/biodivlibrary/6197333121/,biodiversity.33543674.001.jpg
33543656,Kunstformen der Natur. Tafel 85 (Illustration),https://www.biodiversitylibrary.org/page/33543656,biodiversity,Ernst Haeckel,1904,https://www.flickr.com/photos/biodivlibrary/6197332431/,biodiversity.33543656.001.jpg
33543590,Kunstformen der Natur. Tafel 72 (Illustration),https://www.biodiversitylibrary.org/page/33543590,biodiversity,Ernst Haeckel,1904,https://www.flickr.com/photos/biodivlibrary/6197326347/,biodiversity.33543590.001.jpg
33543470,Kunstformen der Natur. Tafel 49 (Illustration),https://www.biodiversitylibrary.org/page/33543470,biodiversity,Ernst Haeckel,1904,https://www.flickr.com/photos/biodivlibrary/6197840800/,biodiversity.33543470.001.jpg
5937049,Fishes of the world,https://www.biodiversitylibrary.org/page/5937049,biodiversity,Edouard Le Danois,1957,https://www.flickr.com/photos/biodivlibrary/5843271403/,biodiversity.5937049.001.jpg
28687188,"Natural history of the animal kingdom for the use of young people. Plate VII (Foldout, Illustration)",https://www.biodiversitylibrary.org/page/28687188,biodiversity,William Forsell Kirby,1889,https://www.flickr.com/photos/biodivlibrary/5860461193/,biodiversity.28687188.001.jpg
34042099,Illustriertes Prachtwerk sämtlicher Tauben-rassen. Tafel 58 (Illustration),https://www.biodiversitylibrary.org/page/34042099,biodiversity,Emil Schachtzabel,1906,https://www.flickr.com/photos/biodivlibrary/6005224610/,biodiversity.34042099.001.jpg
8469492,Birds through the year. Illustration,https://www.biodiversitylibrary.org/page/8469492,biodiversity,Winifred Austen,1922,https://www.flickr.com/photos/biodivlibrary/6026041284/,biodiversity.8469492.001.jpg
32430196,Illustrations of the natural orders of plants with groups and descriptions. Pl. 8 (Illustration),https://www.biodiversitylibrary.org/page/32430196,biodiversity,Elizabeth Twining,1868,https://www.flickr.com/photos/biodivlibrary/6059027690/,biodiversity.32430196.001.jpg
33500475,Our living world. v.1. Full Page Illustration (Illustration),https://www.biodiversitylibrary.org/page/33500475,biodiversity,John George Wood,1885,https://www.flickr.com/photos/biodivlibrary/6076443957/,biodiversity.33500475.001.jpg
9409305,British mammals. Plate (Illustration),https://www.biodiversitylibrary.org/page/9409305,biodiversity,Harry Hamilton Johnston,1903,https://www.flickr.com/photos/biodivlibrary/6358180131/,biodiversity.9409305.001.jpg
9409335,British mammals. Plate (Illustration),https://www.biodiversitylibrary.org/page/9409335,biodiversity,Harry Hamilton Johnston,1903,https://www.flickr.com/photos/biodivlibrary/6358181711/,biodiversity.9409335.001.jpg
38993541,"The natural history of Carolina, Florida, and the Bahama Islands. Pl. 61 (Illustration)",https://www.biodiversitylibrary.org/page/38993541,biodiversity,Mark Catesby,1771,https://www.flickr.com/photos/biodivlibrary/6829782218/,biodiversity.38993541.001.jpg
6044163,The florist and garden miscellany. Plate [4] (Illustration),https://www.biodiversitylibrary.org/page/6044163,biodiversity,Chapman and Hall,1850 - 1851,https://www.flickr.com/photos/biodivlibrary/7447369630/,biodiversity.6044163.001.jpg
54391041,Historia lapidum figuratorum Helvetiae. Tab. 28 (Illustration),https://www.biodiversitylibrary.org/page/54391041,biodiversity,Giovanni Ambrogio Besozzi,1708,https://www.flickr.com/photos/biodivlibrary/51072728278/,biodiversity.54391041.001.jpg
56975861,Versuch einer geognostisch-botanischen Darstellung der Flora der Vorwelt . Tab. III (Illustration),https://www.biodiversitylibrary.org/page/56975861,biodiversity,Kašpar Šternberg,1820 - 1838,https://www.flickr.com/photos/biodivlibrary/51223059004/,biodiversity.56975861.001.jpg
31985744,"A history of British fossil reptiles. Pl. 35 (Illustration, Text)",https://www.biodiversitylibrary.org/page/31985744,biodiversity,Richard Owen,1849 - 1884,https://www.flickr.com/photos/biodivlibrary/21923563160/,biodiversity.31985744.001.jpg
55307111,Conchyliologie minéralogique de la Grande Bretagne. Pl. 255 (Illustration),https://www.biodiversitylibrary.org/page/55307111,biodiversity,Antoine Sonrel,1845,https://www.flickr.com/photos/biodivlibrary/50165755538/,biodiversity.55307111.001.jpg
49579250,Revue horticole. Illustration,https://www.biodiversitylibrary.org/page/49579250,biodiversity,Librairie agricole de la maison rustique,1889,https://www.flickr.com/photos/biodivlibrary/39739340083/,biodiversity.49579250.001.jpg
51930996,Rambles of a Canadian naturalist. Illustration,https://www.biodiversitylibrary.org/page/51930996,biodiversity,Robert Holmes,1916,https://www.flickr.com/photos/biodivlibrary/49885686033/,biodiversity.51930996.001.jpg
14746727,Birds of New York. Plate 27 (Illustration),https://www.biodiversitylibrary.org/page/14746727,biodiversity,Elon Howard Eaton,1910,https://www.flickr.com/photos/biodivlibrary/6961862119/,biodiversity.14746727.001.jpg
48852955,Papillons. Pl. 19 (Illustration),https://www.biodiversitylibrary.org/page/48852955,biodiversity,Emile-Allain Séguy,1925,https://www.flickr.com/photos/biodivlibrary/24483502060/,biodiversity.48852955.001.jpg
48852957,Papillons. Pl. 18 (Illustration),https://www.biodiversitylibrary.org/page/48852957,biodiversity,Emile-Allain Séguy,1925,https://www.flickr.com/photos/biodivlibrary/24483497810/,biodiversity.48852957.001.jpg
48852961,Papillons. Pl. 16 (Illustration),https://www.biodiversitylibrary.org/page/48852961,biodiversity,Emile-Allain Séguy,1925,https://www.flickr.com/photos/biodivlibrary/24483488270/,biodiversity.48852961.001.jpg
48852991,Papillons. Pl. 1 (Illustration),https://www.biodiversitylibrary.org/page/48852991,biodiversity,Emile-Allain Séguy,1925,https://www.flickr.com/photos/biodivlibrary/24661130722/,biodiversity.48852991.001.jpg
48852987,Papillons. Pl. 13 (Illustration),https://www.biodiversitylibrary.org/page/48852987,biodiversity,Emile-Allain Séguy,1925,https://www.flickr.com/photos/biodivlibrary/24152098803/,biodiversity.48852987.001.jpg
1164377,Tierbau und tierleben in ihrem zusammenhang betrachtet. Tafel XVIII (Illustration),https://www.biodiversitylibrary.org/page/1164377,biodiversity,Richard Hesse,1910 - 1914,https://www.flickr.com/photos/biodivlibrary/9680212142/,biodiversity.1164377.001.jpg
1165118,Tierbau und tierleben in ihrem zusammenhang betrachtet. Tafel VI (Illustration),https://www.biodiversitylibrary.org/page/1165118,biodiversity,Richard Hesse,1911 - 1914,https://www.flickr.com/photos/biodivlibrary/9676959403/,biodiversity.1165118.001.jpg
39777114,"Histoire physique, naturelle, et politique de Madagascar. Plate 54 (Illustration)",https://www.biodiversitylibrary.org/page/39777114,biodiversity,Alfred Grandidier,1885,https://www.flickr.com/photos/biodivlibrary/51102095405/,biodiversity.39777114.001.jpg
9727820,"Wild animals of North America, intimate studies of big and little creatures of the mammal kingdom. Page 471,Figures in Color (Illustration)",https://www.biodiversitylibrary.org/page/9727820,biodiversity,Edward William Nelson,1918,https://www.flickr.com/photos/biodivlibrary/6217226634/,biodiversity.9727820.001.jpg
9727871,"Wild animals of North America, intimate studies of big and little creatures of the mammal kingdom. Page 522,Figures in Color (Illustration)",https://www.biodiversitylibrary.org/page/9727871,biodiversity,Edward William Nelson,1918,https://www.flickr.com/photos/biodivlibrary/6216710821/,biodiversity.9727871.001.jpg
56365573,A monograph of the testudinata. Plate [36] (Illustration),https://www.biodiversitylibrary.org/page/56365573,biodiversity,Jane S. Bell,1832 - 1836,https://www.flickr.com/photos/biodivlibrary/50436010963/,biodiversity.56365573.001.jpg
35041340,Ornithological miscellany. Illustration,https://www.biodiversitylibrary.org/page/35041340,biodiversity,John Gerrard Keulemans,1878,https://www.flickr.com/photos/biodivlibrary/5981539559/,biodiversity.35041340.001.jpg
saam_2017.24.35,Crazy Quilt,https://www.si.edu/object/crazy-quilt:saam_2017.24.35,si,Unidentified (American),ca. 1901 - 1929,,si.saam_2017.24.35.001.jpg
saam_2000.78,Amish Crazy Quilt,https://www.si.edu/object/amish-crazy-quilt:saam_2000.78,si,Lydia Beachy,1910 - 1920,,si.saam_2000.78.001.jpg
saam_2016.5.11,Untitled (Blocks and Strips),https://www.si.edu/object/untitled-blocks-and-strips:saam_2016.5.11,si,Unidentified (American),1940s,,si.saam_2016.5.11.001.jpg
chndm_1953-176-1,Textile,https://www.si.edu/object/textile:chndm_1953-176-1,si,Unidentified (American),18th century,,si.chndm_1953-176-1.001.jpg
chndm_1975-39-1,Tumbling Blocks,https://www.si.edu/object/tumbling-blocks:chndm_1975-39-1,si,Unidentified,1870 - 1879,,si.chndm_1975-39-1.001.jpg
chndm_1949-35-1-a_2,Fragment,https://www.si.edu/object/fragment:chndm_1949-35-1-a_2,si,Unidentified,ca. 1810,,si.chndm_1949-35-1-a_2.001.jpg
hmsg_74.207,End Windows from the Living Room Skylights of the Martin House,https://www.si.edu/object/end-windows-living-room-skylights-martin-house:hmsg_74.207,si,Frank Lloyd Wright,1904,,si.hmsg_74.207.001.jpg
fsg_F1903.11,"Pine trees, water and clouds",https://www.si.edu/object/pine-trees-water-and-clouds:fsg_F1903.11,si,Unidentified,17th century,,si.fsg_F1903.11.001.jpg
fsg_F1903.122,Nocturne Shipping,https://www.si.edu/object/nocturne-shipping:fsg_F1903.122,si,James McNeill Whistler,1879 - 1880,,si.fsg_F1903.122.001.jpg
fsg_F1909.572,Fragment of an inlay with a floral pattern,https://www.si.edu/object/fragment-inlay-floral-pattern:fsg_F1909.572,si,Unidentified,305 BCE - 14 CE,,si.fsg_F1909.572.001.jpg
fsg_F1915.20,Mount Emei under Heavy Snow,https://www.si.edu/object/mount-emei-under-heavy-snow:fsg_F1915.20,si,Guo Xi,17th century,,si.fsg_F1915.20.001.jpg
nmaahc_2015.2.3,Flight into Egypt,https://www.si.edu/object/flight-egypt:nmaahc_2015.2.3,si,Henry Ossawa Tanner,ca. 1916,,si.nmaahc_2015.2.3.001.jpg
nmaahc_2015.97.13,Evidence of Intimidation & Fascist Crimes by USA: The War on the Black Panther Party 1968 - 1969,https://www.si.edu/object/evidence-intimidation-fascist-crimes-usa-war-black-panther-party-1968-1969:nmaahc_2015.97.13,si,Michael Hoerger,2010,,si.nmaahc_2015.97.13.001.jpg
nmaahc_2007.3.74,Dark blue maxi skirt designed by Arthur McGee,https://www.si.edu/object/dark-blue-maxi-skirt-designed-arthur-mcgee:nmaahc_2007.3.74,si,Arthur McGee,1984,,si.nmaahc_2007.3.74.001.jpg
fsg_F1896.95,Flowers and grasses,https://www.si.edu/object/flowers-and-grasses:fsg_F1896.95,si,Master of I-nen Seal,1600 - 1630,,si.fsg_F1896.95.001.jpg
nmaahc_2010.1.298.34,"National Anti-Slavery Standard Vol. XX, No. 19",https://www.si.edu/object/national-anti-slavery-standard-vol-xx-no-19:nmaahc_2010.1.298.34,si,National Anti-Slavery Standard,1859,,si.nmaahc_2010.1.298.34.001.jpg
fsg_F1904.99a-b,Eighteen designs,https://www.si.edu/object/eighteen-designs:fsg_F1904.99a-b,si,Okumura Masanobu,1693 - 1768,,si.fsg_F1904.99a-b.001.jpg
fsg_F1904.81a-b,Nocturne: Amsterdam in Winter,https://www.si.edu/object/nocturne-amsterdam-winter:fsg_F1904.81a-b,si,James McNeill Whistler,1882,,si.fsg_F1904.81a-b.001.jpg
fsg_F1905.276,Breaking Waves,https://www.si.edu/object/breaking-waves:fsg_F1905.276,si,Katsushika Hokusai,1847,,si.fsg_F1905.276.001.jpg
nmah_439677,Spotsylvania Stump,https://www.si.edu/object/spotsylvania-stump:nmah_439677,si,,1864,,si.nmah_439677.001.jpg
nmah_324709,To the Brethren of the Order of I.O.O.F.,https://www.si.edu/object/brethren-order-ioof:nmah_324709,si,Edward Sachse and Company,1859,,si.nmah_324709.001.jpg
nmah_324951,Forest Scene Summer,https://www.si.edu/object/forest-scene-summer:nmah_324951,si,John Gemmell,1857 - 1859,,si.nmah_324951.001.jpg
nmah_325304,Children in the Wood,https://www.si.edu/object/children-wood:nmah_325304,si,Metropolitan Printing Company,,,si.nmah_325304.001.jpg
nmah_316277,Esther Copp's Copybook,https://www.si.edu/object/esther-copps-copybook:nmah_316277,si,Esther Copp,1793 - 1794,,si.nmah_316277.001.jpg
nmah_1187821,Tonometer,https://www.si.edu/object/tonometer:nmah_1187821,si,Rudolph Koenig,ca. 1876,,si.nmah_1187821.001.jpg
acm_2011.0004.0121,Long Beaded Strap,https://www.si.edu/object/long-beaded-strap:acm_2011.0004.0121,si,Ira Blount,late 20th - early 21st Century,,si.acm_2011.0004.0121.001.jpg
acm_2002.1012.0001,Leaves,https://www.si.edu/object/leaves:acm_2002.1012.0001,si,William N. Buckner,1909,,si.acm_2002.1012.0001.001.jpg
hmsg_79.245,Sailboats,https://www.si.edu/object/sailboats:hmsg_79.245,si,Hayley Lever,1903,,si.hmsg_79.245.001.jpg
hmsg_86.5590,The City,https://www.si.edu/object/city:hmsg_86.5590,si,Abraham Walkowitz,1909,,si.hmsg_86.5590.001.jpg
fsg_F1904.346a-b,Woodblock; recto: an Oiran tossing a handball; verso: two lovers,https://www.si.edu/object/woodblock-recto-oiran-tossing-handball-verso-two-lovers:fsg_F1904.346a-b,si,Torii Kiyonobu,1664 - 1729,,si.fsg_F1904.346a-b.001.jpg
nmaahc_2013.162.11,Cream and red appliqued quilted bedcover,https://www.si.edu/object/cream-and-red-appliqued-quilted-bedcover:nmaahc_2013.162.11,si,Unidentified,ca. 1850,,si.nmaahc_2013.162.11.001.jpg
chndm_1905-2-127,Fringe,https://www.si.edu/object/fringe:chndm_1905-2-127,si,Unidentified,18th century,,si.chndm_1905-2-127.001.jpg
chndm_1902-1-434-a_b,Rank badge,https://www.si.edu/object/rank-badge:chndm_1902-1-434-a_b,si,Unidentified,before 1644,,si.chndm_1902-1-434-a_b.001.jpg
chndm_1902-1-783,Mantle,https://www.si.edu/object/mantle:chndm_1902-1-783,si,Unidentified,17th - 18th century,,si.chndm_1902-1-783.001.jpg
chndm_1901-39-123,"The Roman Consul Attilius Regulus Fighting a Giant African Serpent, from Pliny's Natural History, Book 8, ch. 14",https://www.si.edu/object/recto-roman-consul-attilius-regulus-fighting-giant-african-serpent-plinys-natural-history-book-8-ch:chndm_1901-39-123,si,Jan van der Straet,1596 or before,,si.chndm_1901-39-123.001.jpg
chndm_1897-8-333,Square,https://www.si.edu/object/square:chndm_1897-8-333,si,Unidentified,late 19th century,,si.chndm_1897-8-333.001.jpg
chndm_1901-39-1320,A Trophy of Weapons Intended to be Executed in Painting,https://www.si.edu/object/trophy-weapons-intended-be-executed-painting:chndm_1901-39-1320,si,Unidentified,1830 - 1850,,si.chndm_1901-39-1320.001.jpg
nmnhmineralsciences_1041856,Caldera,https://www.si.edu/object/caldera:nmnhmineralsciences_1041856,si,,,,si.nmnhmineralsciences_1041856.002.jpg
nmnhmineralsciences_1039432,"LEW 88516,3",https://www.si.edu/object/lew-885163:nmnhmineralsciences_1039432,si,,,,si.nmnhmineralsciences_1039432.001.jpg
nmnhmineralsciences_1163593,Baryte,https://www.si.edu/object/baryte:nmnhmineralsciences_1163593,si,,,,si.nmnhmineralsciences_1163593.001.jpg
chndm_1902-1-271-a_d,Textile,https://www.si.edu/object/textile:chndm_1902-1-271-a_d,si,Unidentified,14th century,,si.chndm_1902-1-271-a_d.001.jpg
chndm_1902-1-931,Textile,https://www.si.edu/object/textile:chndm_1902-1-931,si,Unidentified,16th - 17th century,,si.chndm_1902-1-931.001.jpg
chndm_1903-12-6,Sidewall,https://www.si.edu/object/sidewall:chndm_1903-12-6,si,Unidentified,ca. 1700,,si.chndm_1903-12-6.001.jpg
chndm_1921-6-402,Essai de papilloneries humaines (Ideas for Scenes with Butterflies Masquerading as Humans),https://www.si.edu/object/essai-de-papilloneries-humaines-ideas-scenes-butterflies-masquerading-humans:chndm_1921-6-402,si,Charles-Germain de Saint-Aubin,ca. 1748 - 1756,,si.chndm_1921-6-402.001.jpg
chndm_1901-39-2699,Adoration of the Magi study after Lodovico Carracci,https://www.si.edu/object/adoration-magi-study-after-lodovico-carracci:chndm_1901-39-2699,si,Felice Giani,1800 - 1820,,si.chndm_1901-39-2699.001.jpg
chndm_1901-39-469,"View of the Palazzo Barberini; Six Landscapes by Vincenzo Martinelli; Sixteenth Century Capitals, Bologna",https://www.si.edu/object/view-palazzo-barberini-six-landscapes-vincenzo-martinelli-sixteenth-century-capitals-bologna:chndm_1901-39-469,si,Felice Giani,1809 - 1910,,si.chndm_1901-39-469.001.jpg
chndm_1902-1-458-a_h,Fragments,https://www.si.edu/object/fragments:chndm_1902-1-458-a_h,si,Unidentified,17th century,,si.chndm_1902-1-458-a_h.001.jpg
chndm_1909-13-108,Design for a Woven Fabric,https://www.si.edu/object/design-woven-fabric:chndm_1909-13-108,si,Unidentified,1825 - 1850,,si.chndm_1909-13-108.001.jpg
chndm_1902-1-326,Textile,https://www.si.edu/object/textile:chndm_1902-1-326,si,Unidentified,15th century,,si.chndm_1902-1-326.001.jpg
chndm_1902-1-621,Fragment,https://www.si.edu/object/fragment:chndm_1902-1-621,si,Unidentified,17th - 18th century,,si.chndm_1902-1-621.001.jpg
chndm_1909-13-105,Design for a Woven Textile,https://www.si.edu/object/design-woven-textile:chndm_1909-13-105,si,Unidentified,1820 - 1860,,si.chndm_1909-13-105.001.jpg
chndm_1901-39-339,A Valley Pass,https://www.si.edu/object/valley-pass:chndm_1901-39-339,si,Unidentified,1800,,si.chndm_1901-39-339.001.jpg
nmnhbotany_14670677,Petrea sp.,https://www.si.edu/object/petrea-sp:nmnhbotany_14670677,si,,2018,,si.nmnhbotany_14670677.001.jpg
nmnhbotany_12407542,Maripa scandens Aubl.,https://www.si.edu/object/maripa-scandens-aubl:nmnhbotany_12407542,si,,2018,,si.nmnhbotany_12407542.001.jpg
nasm_A19600112000,"Jacobs (Pratt & Whitney Wasp Jr.) R-985-AN5, Radial 9 Engine",https://www.si.edu/object/jacobs-pratt-whitney-wasp-jr-r-985-an5-radial-9-engine:nasm_A19600112000,si,Pratt & Whitney,Circa 1940,,si.nasm_A19600112000.001.jpg
nasm_A19600100000,"Duesenberg H Direct, V-16 Engine",https://www.si.edu/object/duesenberg-h-direct-v-16-engine:nasm_A19600100000,si,Duesenberg Motors Corporation,1918,,si.nasm_A19600100000.001.jpg
hmsg_66.1725,"East Side, New York",https://www.si.edu/object/east-side-new-york:hmsg_66.1725,si,Louis Eilshemius,c. 1908,,si.hmsg_66.1725.001.jpg
npg_NPG.82.145,Frederick Douglass,https://www.si.edu/object/frederick-douglass:npg_NPG.82.145,si,George Francis Schreiber,1870,,si.npg_NPG.82.145.001.jpg
npg_NPG.82.182,Roland Hayes,https://www.si.edu/object/roland-hayes:npg_NPG.82.182,si,Clara Sipprell,c. 1962,,si.npg_NPG.82.182.001.jpg
npg_NPG.88.4.F,Agnes Elizabeth Ernst Meyer,https://www.si.edu/object/agnes-elizabeth-ernst-meyer:npg_NPG.88.4.F,si,Marius de Zayas,1914,,si.npg_NPG.88.4.F.001.jpg
npg_NPG.2015.136,Frida Kahlo,https://www.si.edu/object/frida-kahlo:npg_NPG.2015.136,si,Magda Pach,1933,,si.npg_NPG.2015.136.001.jpg
npg_NPG.69.54,Robert F. Kennedy,https://www.si.edu/object/robert-f-kennedy:npg_NPG.69.54,si,Gardner Cox,1968,,si.npg_NPG.69.54.001.jpg
npg_NPG.2004.51,Thomas Edison,https://www.si.edu/object/thomas-edison:npg_NPG.2004.51,si,William Kennedy Laurie Dickson,1890,,si.npg_NPG.2004.51.001.jpg
npg_NPG.91.175,Gertrude Stein and Alice B. Toklas,https://www.si.edu/object/gertrude-stein-and-alice-b-toklas:npg_NPG.91.175,si,Sir Francis Cyril Rose,1939,,si.npg_NPG.91.175.001.jpg
PIA17563,"Crab Nebula, as Seen by Herschel and Hubble",https://images.nasa.gov/details-PIA17563,nasa,"ESA/Herschel/PACS/MESS Key Programme Supernova Remnant Team; NASA, ESA and Allison Loll/Jeff Hester Arizona State University",2013,,nasa.PIA17563.001.jpg
0302063,History of Hubble Space Telescope (HST),https://images.nasa.gov/details-0302063,nasa,NASA/MSFC,1999,,nasa.0302063.001.jpg
PIA12348,Great Observatories Unique Views of the Milky Way,https://images.nasa.gov/details-PIA12348,nasa,NASA/JPL-Caltech/ESA/CXC/STScI,2009,,nasa.PIA12348.001.jpg
PIA16008,Hubble Sees a Horsehead of a Different Color,https://images.nasa.gov/details-PIA16008,nasa,NASA/ESA/STScI,2013,,nasa.PIA16008.001.jpg
PIA01384,Jupiter Great Red Spot,https://images.nasa.gov/details-PIA01384,nasa,NASA/JPL,1998,,nasa.PIA01384.001.jpg
PIA03606,Most Detailed Image of the Crab Nebula,https://images.nasa.gov/details-PIA03606,nasa,NASA/ESA/JPL/Arizona State Univ.,2005,,nasa.PIA03606.001.jpg
PIA21575,Layers in Galle Crater,https://images.nasa.gov/details-PIA21575,nasa,NASA/JPL-Caltech/Univ. of Arizona,2017,,nasa.PIA21575.001.jpg
PIA03654,A Cauldron of Stars at the Galaxy Center,https://images.nasa.gov/details-PIA03654,nasa,NASA/JPL-Caltech,2006,,nasa.PIA03654.001.jpg
PIA20973,"Chiquicamata Mine, Chile",https://images.nasa.gov/details-PIA20973,nasa,"NASA/METI/AIST/Japan Space Systems, and U.S./Japan ASTER Science Team",2016,,nasa.PIA20973.001.jpg
PIA04227,Orion Nebula and Bow Shock,https://images.nasa.gov/details-PIA04227,nasa,NASA and the Hubble Heritage Team STScI/AURA,1999,,nasa.PIA04227.001.jpg
KSC-20170322-PH_SWW01_0046,Engineering Management Board Tour VAB,https://images.nasa.gov/details-KSC-20170322-PH_SWW01_0046,nasa,NASA/Bill White,2017,,nasa.KSC-20170322-PH_SWW01_0046.001.JPG
iss037e011344,Earth Observation,https://images.nasa.gov/details-iss037e011344,nasa,NASA/JSC,2013,,nasa.iss037e011344.001.jpg
iss040e019284,Earth Observation,https://images.nasa.gov/details-iss040e019284,nasa,NASA/JSC/Alex Gerst,2014,,nasa.iss040e019284.001.jpg
iss040e124668,Earth Observation,https://images.nasa.gov/details-iss040e124668,nasa,NASA/JSC/Alex Gerst,2014,,nasa.iss040e124668.001.jpg
iss040e030352,Earth Observation,https://images.nasa.gov/details-iss040e030352,nasa,NASA/JSC/Alex Gerst,2014,,nasa.iss040e030352.001.jpg
iss037e021015,Earth Observation,https://images.nasa.gov/details-iss037e021015,nasa,NASA/JSC/Michael Hopkins,2013,,nasa.iss037e021015.001.jpg
iss040e039409,Earth Observation,https://images.nasa.gov/details-iss040e039409,nasa,NASA/JSC/Reid Wiseman,2014,,nasa.iss040e039409.001.jpg
iss036e032712,Earth Observation,https://images.nasa.gov/details-iss036e032712,nasa,NASA/JSC/Karen Nyberg,2013,,nasa.iss036e032712.001.jpg
iss040e007448,Earth Observation,https://images.nasa.gov/details-iss040e007448,nasa,NASA/JSC/Alex Gerst,2014,,nasa.iss040e007448.001.jpg
PIA02988,Early Landsat View of Los Angeles and Vicinity,https://images.nasa.gov/details-PIA02988,nasa,NASA/JPL,2000,,nasa.PIA02988.001.jpg
iss034e035421,Earth Observations taken by Expedition 34 crewmember,https://images.nasa.gov/details-iss034e035421,nasa,NASA/JSC,2013,,nasa.iss034e035421.001.jpg
iss034e052172,Earth Observations taken by Expedition 34 crewmember,https://images.nasa.gov/details-iss034e052172,nasa,NASA/JSC,2013,,nasa.iss034e052172.001.jpg
iss034e037014,Earth Observations taken by Expedition 34 crewmember,https://images.nasa.gov/details-iss034e037014,nasa,NASA/JSC,2013,,nasa.iss034e037014.001.jpg
iss034e053501,Earth Observations taken by Expedition 34 crewmember,https://images.nasa.gov/details-iss034e053501,nasa,NASA/JSC,2013,,nasa.iss034e053501.001.jpg
iss034e056915,Earth Observations taken by Expedition 34 crewmember,https://images.nasa.gov/details-iss034e056915,nasa,NASA/JSC,2013,,nasa.iss034e056915.001.jpg
GSFC_20171208_Archive_e001955,Hubble reveals heart of Lagoon Nebula,https://images.nasa.gov/details-GSFC_20171208_Archive_e001955,nasa,NASA Goddard,2017,,nasa.GSFC_20171208_Archive_e001955.001.jpg
PIA14444,Light and Shadow in the Carina Nebula,https://images.nasa.gov/details-PIA14444,nasa,"NASA/JPL-Caltech/ESA, the Hubble Heritage Team STScI/AURA",2000,,nasa.PIA14444.001.jpg
GSFC_20171208_Archive_e001790,Cloud Streets over the Bering Sea,https://images.nasa.gov/details-GSFC_20171208_Archive_e001790,nasa,NASA Goddard,2017,,nasa.GSFC_20171208_Archive_e001790.001.jpg
PIA18494,"Palouse, WA",https://images.nasa.gov/details-PIA18494,nasa,"NASA/GSFC/METI/ERSDAC/JAROS, and U.S./Japan ASTER Science Team",2014,,nasa.PIA18494.001.jpg
PIA19222,"Prince Patrick Island, Canada",https://images.nasa.gov/details-PIA19222,nasa,"NASA/GSFC/METI/ERSDAC/JAROS, and U.S./Japan ASTER Science Team",2015,,nasa.PIA19222.001.jpg
PIA25122,"Pilbara, NW Australia",https://images.nasa.gov/details-PIA25122,nasa,"NASA/METI/AIST/Japan Space Systems, and U.S./Japan ASTER Science Team",2022,,nasa.PIA25122.001.jpg
PIA13605,"Khyber Pass, Afghanistan-Pakistan",https://images.nasa.gov/details-PIA13605,nasa,"NASA/GSFC/METI/ERSDAC/JAROS, and U.S./Japan ASTER Science Team",2010,,nasa.PIA13605.001.jpg
PIA15015,"Sand Dunes, Namibia",https://images.nasa.gov/details-PIA15015,nasa,"NASA/GSFC/METI/ERSDAC/JAROS, and U.S./Japan ASTER Science Team",2011,,nasa.PIA15015.001.jpg
PIA23533,"Anti-Atlas Mtns., Morocco",https://images.nasa.gov/details-PIA23533,nasa,"NASA/METI/AIST/Japan Space Systems, and U.S./Japan ASTER Science Team",2019,,nasa.PIA23533.001.jpg
PIA16596,"Heilongjiang Province, China",https://images.nasa.gov/details-PIA16596,nasa,"NASA/GSFC/METI/ERSDAC/JAROS, and U.S./Japan ASTER Science Team",2012,,nasa.PIA16596.001.jpg
PIA24551,Namibia Dunes,https://images.nasa.gov/details-PIA24551,nasa,"NASA/METI/AIST/Japan Space Systems, and U.S./Japan ASTER Science Team",2021,,nasa.PIA24551.001.jpg
PIA23196,"Alluvial Fan, China and Mongolia",https://images.nasa.gov/details-PIA23196,nasa,"NASA/METI/AIST/Japan Space Systems, and U.S./Japan ASTER Science Team",2019,,nasa.PIA23196.001.jpg
GSFC_20171208_Archive_e000759,Two Coronal Holes on the Sun Viewed by SDO,https://images.nasa.gov/details-GSFC_20171208_Archive_e000759,nasa,NASA Goddard,2017,,nasa.GSFC_20171208_Archive_e000759.001.jpg
9515834,Saturn Apollo Program,https://images.nasa.gov/details-9515834,nasa,NASA/MSFC,1972,,nasa.9515834.001.jpg
PIA21983,Abstract Jupiter Atmosphere (Artist Concept),https://images.nasa.gov/details-PIA21983,nasa,Rick Lundh,2018,,nasa.PIA21983.001.jpg
PIA24728,"WATSON Views ""Foux""",https://images.nasa.gov/details-PIA24728,nasa,NASA/JPL-Caltech/MSSS,2021,,nasa.PIA24728.001.jpg
PIA00007,Hemispheric View of Venus Centered at the North Pole,https://images.nasa.gov/details-PIA00007,nasa,NASA/JPL/USGS,1996,,nasa.PIA00007.001.jpg
PIA25124,"Yukon Delta, Alaska",https://images.nasa.gov/details-PIA25124,nasa,"NASA/METI/AIST/Japan Space Systems, and U.S./Japan ASTER Science Team",2022,,nasa.PIA25124.001.jpg
S91-50688,"Global view of Venus from Magellan, Pioneer, and Venera data",https://images.nasa.gov/details-S91-50688,nasa,NASA/ JSC,1991,,nasa.S91-50688.001.jpg
PIA25081,Ancient Rivers,https://images.nasa.gov/details-PIA25081,nasa,NASA/JPL-Caltech/University of Arizona,2021,,nasa.PIA25081.001.jpg
PIA24943,"Cotahuasi Canyon, Peru",https://images.nasa.gov/details-PIA24943,nasa,"NASA/METI/AIST/Japan Space Systems, and U.S./Japan ASTER Science Team",2021,,nasa.PIA24943.001.jpg
PIA24579,Godzilla Nebula Imaged by Spitzer,https://images.nasa.gov/details-PIA24579,nasa,NASA/JPL-Caltech,2021,,nasa.PIA24579.001.jpg
PIA24911,When Did the Light-Toned Layers Form?,https://images.nasa.gov/details-PIA24911,nasa,NASA/JPL-Caltech/University of Arizona,2021,,nasa.PIA24911.001.jpg
PIA24864,Looking for Avalanches,https://images.nasa.gov/details-PIA24864,nasa,NASA/JPL-Caltech/University of Arizona,2021,,nasa.PIA24864.001.jpg
GSFC_20171208_Archive_e000078,Gigantic Wave Discovered in Perseus Galaxy Cluster,https://images.nasa.gov/details-GSFC_20171208_Archive_e000078,nasa,NASA Goddard,2017,,nasa.GSFC_20171208_Archive_e000078.001.jpg
PIA15415,Cygnus Loop Nebula,https://images.nasa.gov/details-PIA15415,nasa,NASA/JPL-Caltech,2012,,nasa.PIA15415.001.jpg
GSFC_20171208_Archive_e001935,The Two-faced Whirlpool Galaxy,https://images.nasa.gov/details-GSFC_20171208_Archive_e001935,nasa,NASA Goddard,2017,,nasa.GSFC_20171208_Archive_e001935.001.jpg
GSFC_20171208_Archive_e002059,A Galactic Spectacle,https://images.nasa.gov/details-GSFC_20171208_Archive_e002059,nasa,NASA Goddard,2017,,nasa.GSFC_20171208_Archive_e002059.001.jpg
PIA13500,The Little Fox and the Giant Stars,https://images.nasa.gov/details-PIA13500,nasa,"ESA/Herschel/PACS, SPIRE/Hi-GAL Project",2016,,nasa.PIA13500.001.jpg
PIA14400,The Case of the Warped Galactic Ring,https://images.nasa.gov/details-PIA14400,nasa,ESA/NASA/JPL-Caltech,2011,,nasa.PIA14400.001.jpg
PIA15256,A Royal Celebration,https://images.nasa.gov/details-PIA15256,nasa,NASA/JPL-Caltech/UCLA,2012,,nasa.PIA15256.001.jpg
PIA15254,Dusty Space Cloud,https://images.nasa.gov/details-PIA15254,nasa,ESA/NASA/JPL-Caltech/STScI,2012,,nasa.PIA15254.001.jpg
PIA13100,Assembly Line of Stars,https://images.nasa.gov/details-PIA13100,nasa,ESA/Hi-GAL Consortium,2010,,nasa.PIA13100.001.jpg
PIA24697,Layers Blanket a Crater Floor,https://images.nasa.gov/details-PIA24697,nasa,NASA/JPL-Caltech/University of Arizona,2021,,nasa.PIA24697.001.jpg
PIA22568,Cat's Paw Image 1,https://images.nasa.gov/details-PIA22568,nasa,NASA/JPL-Caltech,2018,,nasa.PIA22568.001.jpg
PIA14885,Dragonfish Coming At You in Infrared,https://images.nasa.gov/details-PIA14885,nasa,NASA/JPL-Caltech/Univ. of Toronto,2011,,nasa.PIA14885.001.jpg
PIA04609,Celestial Fireworks,https://images.nasa.gov/details-PIA04609,nasa,NASA/JPL/Hubble Heritage Team STScI/AURA,2003,,nasa.PIA04609.001.jpg
PIA09263,The Seven Sisters Pose for Spitzer,https://images.nasa.gov/details-PIA09263,nasa,NASA/JPL-Caltech,2007,,nasa.PIA09263.001.jpg
PIA21073,Ionized Carbon Atoms in Orion,https://images.nasa.gov/details-PIA21073,nasa,ESA/NASA/JPL-Caltech,2016,,nasa.PIA21073.001.jpg
